date,shop_id,spend_amount,currency
2024-01-01,DE,321.72,EUR
2024-01-01,AT,77.1,EUR
2024-01-01,CH,98.7,CHF
2024-01-02,DE,307.1,EUR
2024-01-02,AT,74.66,EUR
2024-01-02,CH,12.16,CHF
2024-01-03,DE,275.52,EUR
2024-01-03,AT,80.27,EUR
2024-01-03,CH,109.8,CHF
2024-01-04,DE,410.05,EUR
2024-01-04,AT,55.55,EUR
2024-01-04,CH,40.01,CHF
2024-01-05,DE,307.16,EUR
2024-01-05,AT,77.29,EUR
2024-01-05,CH,100.81,CHF
2024-01-06,DE,438.29,EUR
2024-01-06,AT,130.77,EUR
2024-01-06,CH,57.59,CHF
2024-01-07,DE,416.6,EUR
2024-01-07,AT,215.98,EUR
2024-01-07,CH,85.09,CHF
2024-01-08,DE,383.86,EUR
2024-01-08,AT,142.52,EUR
2024-01-08,CH,64.33,CHF
2024-01-09,DE,327.01,EUR
2024-01-09,AT,93.56,EUR
2024-01-09,CH,50.65,CHF
2024-01-10,DE,255.05,EUR
2024-01-10,AT,116.87,EUR
2024-01-10,CH,65.66,CHF
2024-01-11,DE,309.13,EUR
2024-01-11,AT,79.9,EUR
2024-01-11,CH,114.56,CHF
2024-01-12,DE,362.5,EUR
2024-01-12,AT,102.75,EUR
2024-01-12,CH,76.69,CHF
2024-01-13,DE,432.8,EUR
2024-01-13,AT,174.17,EUR
2024-01-13,CH,86.31,CHF
2024-01-14,DE,397.39,EUR
2024-01-14,AT,99.8,EUR
2024-01-14,CH,105.88,CHF
2024-01-15,DE,431.45,EUR
2024-01-15,AT,54.36,EUR
2024-01-15,CH,53.45,CHF
2024-01-16,DE,296.5,EUR
2024-01-16,AT,108.57,EUR
2024-01-16,CH,83.21,CHF
2024-01-17,DE,258.13,EUR
2024-01-17,AT,71.82,EUR
2024-01-17,CH,87.28,CHF
2024-01-18,DE,331.74,EUR
2024-01-18,AT,72.33,EUR
2024-01-18,CH,78.76,CHF
2024-01-19,DE,269.61,EUR
2024-01-19,AT,142.82,EUR
2024-01-19,CH,54.09,CHF
2024-01-20,DE,411.36,EUR
2024-01-20,AT,150.63,EUR
2024-01-20,CH,29.17,CHF
2024-01-21,DE,366.64,EUR
2024-01-21,AT,71.27,EUR
2024-01-21,CH,73.7,CHF
2024-01-22,DE,295.0,EUR
2024-01-22,AT,96.11,EUR
2024-01-22,CH,93.24,CHF
2024-01-23,DE,223.43,EUR
2024-01-23,AT,106.08,EUR
2024-01-23,CH,52.34,CHF
2024-01-24,DE,248.43,EUR
2024-01-24,AT,87.61,EUR
2024-01-24,CH,32.45,CHF
2024-01-25,DE,382.29,EUR
2024-01-25,AT,119.01,EUR
2024-01-25,CH,50.5,CHF
2024-01-26,DE,398.01,EUR
2024-01-26,AT,125.46,EUR
2024-01-26,CH,59.6,CHF
2024-01-27,DE,539.5,EUR
2024-01-27,AT,139.32,EUR
2024-01-27,CH,82.37,CHF
2024-01-28,DE,612.5,EUR
2024-01-28,AT,156.57,EUR
2024-01-28,CH,110.85,CHF
2024-01-29,DE,459.61,EUR
2024-01-29,AT,132.77,EUR
2024-01-29,CH,115.51,CHF
2024-01-30,DE,226.77,EUR
2024-01-30,AT,96.76,EUR
2024-01-30,CH,48.61,CHF
2024-01-31,DE,338.04,EUR
2024-01-31,AT,186.85,EUR
2024-01-31,CH,94.88,CHF
2024-02-01,DE,316.61,EUR
2024-02-01,AT,76.96,EUR
2024-02-01,CH,105.37,CHF
2024-02-02,DE,376.08,EUR
2024-02-02,AT,117.41,EUR
2024-02-02,CH,79.52,CHF
2024-02-03,DE,387.9,EUR
2024-02-03,AT,162.84,EUR
2024-02-03,CH,99.68,CHF
2024-02-04,DE,487.13,EUR
2024-02-04,AT,183.18,EUR
2024-02-04,CH,71.53,CHF
2024-02-05,DE,301.77,EUR
2024-02-05,AT,112.6,EUR
2024-02-05,CH,75.43,CHF
2024-02-06,DE,255.98,EUR
2024-02-06,AT,85.62,EUR
2024-02-06,CH,35.47,CHF
2024-02-07,DE,298.5,EUR
2024-02-07,AT,101.6,EUR
2024-02-07,CH,61.38,CHF
2024-02-08,DE,483.3,EUR
2024-02-08,AT,229.15,EUR
2024-02-08,CH,64.78,CHF
2024-02-09,DE,365.49,EUR
2024-02-09,AT,150.17,EUR
2024-02-09,CH,131.8,CHF
2024-02-10,DE,382.16,EUR
2024-02-10,AT,104.94,EUR
2024-02-10,CH,115.93,CHF
2024-02-11,DE,527.25,EUR
2024-02-11,AT,150.21,EUR
2024-02-11,CH,86.48,CHF
2024-02-12,DE,380.79,EUR
2024-02-12,AT,129.32,EUR
2024-02-12,CH,67.04,CHF
2024-02-13,DE,372.27,EUR
2024-02-13,AT,99.69,EUR
2024-02-13,CH,46.05,CHF
2024-02-14,DE,288.53,EUR
2024-02-14,AT,98.43,EUR
2024-02-14,CH,70.23,CHF
2024-02-15,DE,358.11,EUR
2024-02-15,AT,80.25,EUR
2024-02-15,CH,71.77,CHF
2024-02-16,DE,363.29,EUR
2024-02-16,AT,67.86,EUR
2024-02-16,CH,70.26,CHF
2024-02-17,DE,427.48,EUR
2024-02-17,AT,130.8,EUR
2024-02-17,CH,92.48,CHF
2024-02-18,DE,457.89,EUR
2024-02-18,AT,174.7,EUR
2024-02-18,CH,104.2,CHF
2024-02-19,DE,247.33,EUR
2024-02-19,AT,90.72,EUR
2024-02-19,CH,54.66,CHF
2024-02-20,DE,266.2,EUR
2024-02-20,AT,125.68,EUR
2024-02-20,CH,91.31,CHF
2024-02-21,DE,391.16,EUR
2024-02-21,AT,94.58,EUR
2024-02-21,CH,54.97,CHF
2024-02-22,DE,385.85,EUR
2024-02-22,AT,67.11,EUR
2024-02-22,CH,94.48,CHF
2024-02-23,DE,341.76,EUR
2024-02-23,AT,109.99,EUR
2024-02-23,CH,20.98,CHF
2024-02-24,DE,435.64,EUR
2024-02-24,AT,121.12,EUR
2024-02-24,CH,84.11,CHF
2024-02-25,DE,386.4,EUR
2024-02-25,AT,106.42,EUR
2024-02-25,CH,142.45,CHF
2024-02-26,DE,300.7,EUR
2024-02-26,AT,67.2,EUR
2024-02-26,CH,35.03,CHF
2024-02-27,DE,230.44,EUR
2024-02-27,AT,140.37,EUR
2024-02-27,CH,131.66,CHF
2024-02-28,DE,323.62,EUR
2024-02-28,AT,115.04,EUR
2024-02-28,CH,44.23,CHF
2024-02-29,DE,336.76,EUR
2024-02-29,AT,146.75,EUR
2024-02-29,CH,47.65,CHF
2024-03-01,DE,305.04,EUR
2024-03-01,AT,83.19,EUR
2024-03-01,CH,55.21,CHF
2024-03-02,DE,411.86,EUR
2024-03-02,AT,174.44,EUR
2024-03-02,CH,51.27,CHF
2024-03-03,DE,449.41,EUR
2024-03-03,AT,167.75,EUR
2024-03-03,CH,101.98,CHF
2024-03-04,DE,299.48,EUR
2024-03-04,AT,94.13,EUR
2024-03-04,CH,41.64,CHF
2024-03-05,DE,268.83,EUR
2024-03-05,AT,42.49,EUR
2024-03-05,CH,92.67,CHF
2024-03-06,DE,294.54,EUR
2024-03-06,AT,99.96,EUR
2024-03-06,CH,55.49,CHF
2024-03-07,DE,363.79,EUR
2024-03-07,AT,70.27,EUR
2024-03-07,CH,54.11,CHF
2024-03-08,DE,384.27,EUR
2024-03-08,AT,71.81,EUR
2024-03-08,CH,63.28,CHF
2024-03-09,DE,538.13,EUR
2024-03-09,AT,118.52,EUR
2024-03-09,CH,72.57,CHF
2024-03-10,DE,509.49,EUR
2024-03-10,AT,146.61,EUR
2024-03-10,CH,105.71,CHF
2024-03-11,DE,246.33,EUR
2024-03-11,AT,146.62,EUR
2024-03-11,CH,12.31,CHF
2024-03-12,DE,399.44,EUR
2024-03-12,AT,82.86,EUR
2024-03-12,CH,70.12,CHF
2024-03-13,DE,310.31,EUR
2024-03-13,AT,53.24,EUR
2024-03-13,CH,71.23,CHF
2024-03-14,DE,298.75,EUR
2024-03-14,AT,71.42,EUR
2024-03-14,CH,19.72,CHF
2024-03-15,DE,394.66,EUR
2024-03-15,AT,142.07,EUR
2024-03-15,CH,103.45,CHF
2024-03-16,DE,503.25,EUR
2024-03-16,AT,90.85,EUR
2024-03-16,CH,88.12,CHF
2024-03-17,DE,405.52,EUR
2024-03-17,AT,201.18,EUR
2024-03-17,CH,82.49,CHF
2024-03-18,DE,315.01,EUR
2024-03-18,AT,49.64,EUR
2024-03-18,CH,58.35,CHF
2024-03-19,DE,318.25,EUR
2024-03-19,AT,28.25,EUR
2024-03-19,CH,35.33,CHF
2024-03-20,DE,242.14,EUR
2024-03-20,AT,57.26,EUR
2024-03-20,CH,42.78,CHF
2024-03-21,DE,288.1,EUR
2024-03-21,AT,93.35,EUR
2024-03-21,CH,23.01,CHF
2024-03-22,DE,380.92,EUR
2024-03-22,AT,97.82,EUR
2024-03-22,CH,87.22,CHF
2024-03-23,DE,410.35,EUR
2024-03-23,AT,135.71,EUR
2024-03-23,CH,87.85,CHF
2024-03-24,DE,577.11,EUR
2024-03-24,AT,147.1,EUR
2024-03-24,CH,63.86,CHF
2024-03-25,DE,324.85,EUR
2024-03-25,AT,109.73,EUR
2024-03-25,CH,67.34,CHF
2024-03-26,DE,333.95,EUR
2024-03-26,AT,83.18,EUR
2024-03-26,CH,75.38,CHF
2024-03-27,DE,423.48,EUR
2024-03-27,AT,126.83,EUR
2024-03-27,CH,78.45,CHF
2024-03-28,DE,416.08,EUR
2024-03-28,AT,96.9,EUR
2024-03-28,CH,65.08,CHF
2024-03-29,DE,411.64,EUR
2024-03-29,AT,128.41,EUR
2024-03-29,CH,54.36,CHF
2024-03-30,DE,475.31,EUR
2024-03-30,AT,138.55,EUR
2024-03-30,CH,77.41,CHF
2024-03-31,DE,494.63,EUR
2024-03-31,AT,200.92,EUR
2024-03-31,CH,89.83,CHF
2024-04-01,DE,347.78,EUR
2024-04-01,AT,57.63,EUR
2024-04-01,CH,49.14,CHF
2024-04-02,DE,359.66,EUR
2024-04-02,AT,137.66,EUR
2024-04-02,CH,109.89,CHF
2024-04-03,DE,354.57,EUR
2024-04-03,AT,153.37,EUR
2024-04-03,CH,72.5,CHF
2024-04-04,DE,277.82,EUR
2024-04-04,AT,133.37,EUR
2024-04-04,CH,64.08,CHF
2024-04-05,DE,388.39,EUR
2024-04-05,AT,114.02,EUR
2024-04-05,CH,94.45,CHF
2024-04-06,DE,415.05,EUR
2024-04-06,AT,126.59,EUR
2024-04-06,CH,43.81,CHF
2024-04-07,DE,387.04,EUR
2024-04-07,AT,136.46,EUR
2024-04-07,CH,80.14,CHF
2024-04-08,DE,280.73,EUR
2024-04-08,AT,116.55,EUR
2024-04-08,CH,92.55,CHF
2024-04-09,DE,221.0,EUR
2024-04-09,AT,58.46,EUR
2024-04-09,CH,68.43,CHF
2024-04-10,DE,339.92,EUR
2024-04-10,AT,86.72,EUR
2024-04-10,CH,96.98,CHF
2024-04-11,DE,345.45,EUR
2024-04-11,AT,71.99,EUR
2024-04-11,CH,82.23,CHF
2024-04-12,DE,384.09,EUR
2024-04-12,AT,95.62,EUR
2024-04-12,CH,57.02,CHF
2024-04-13,DE,467.2,EUR
2024-04-13,AT,111.11,EUR
2024-04-13,CH,85.16,CHF
2024-04-14,DE,571.95,EUR
2024-04-14,AT,119.38,EUR
2024-04-14,CH,74.06,CHF
2024-04-15,DE,256.2,EUR
2024-04-15,AT,95.04,EUR
2024-04-15,CH,66.64,CHF
2024-04-16,DE,242.81,EUR
2024-04-16,AT,94.47,EUR
2024-04-16,CH,69.2,CHF
2024-04-17,DE,280.39,EUR
2024-04-17,AT,80.16,EUR
2024-04-17,CH,47.46,CHF
2024-04-18,DE,363.07,EUR
2024-04-18,AT,101.31,EUR
2024-04-18,CH,72.23,CHF
2024-04-19,DE,364.24,EUR
2024-04-19,AT,94.82,EUR
2024-04-19,CH,55.02,CHF
2024-04-20,DE,452.58,EUR
2024-04-20,AT,213.87,EUR
2024-04-20,CH,90.6,CHF
2024-04-21,DE,483.93,EUR
2024-04-21,AT,133.87,EUR
2024-04-21,CH,70.2,CHF
2024-04-22,DE,401.45,EUR
2024-04-22,AT,103.75,EUR
2024-04-22,CH,39.28,CHF
2024-04-23,DE,320.49,EUR
2024-04-23,AT,74.15,EUR
2024-04-23,CH,50.56,CHF
2024-04-24,DE,309.06,EUR
2024-04-24,AT,89.45,EUR
2024-04-24,CH,36.87,CHF
2024-04-25,DE,265.88,EUR
2024-04-25,AT,95.82,EUR
2024-04-25,CH,67.98,CHF
2024-04-26,DE,407.7,EUR
2024-04-26,AT,133.72,EUR
2024-04-26,CH,83.47,CHF
2024-04-27,DE,442.17,EUR
2024-04-27,AT,196.91,EUR
2024-04-27,CH,65.72,CHF
2024-04-28,DE,464.24,EUR
2024-04-28,AT,112.04,EUR
2024-04-28,CH,151.66,CHF
2024-04-29,DE,327.09,EUR
2024-04-29,AT,59.72,EUR
2024-04-29,CH,61.28,CHF
2024-04-30,DE,274.44,EUR
2024-04-30,AT,116.07,EUR
2024-04-30,CH,70.88,CHF
2024-05-01,DE,323.68,EUR
2024-05-01,AT,121.32,EUR
2024-05-01,CH,29.13,CHF
2024-05-02,DE,301.08,EUR
2024-05-02,AT,98.63,EUR
2024-05-02,CH,74.28,CHF
2024-05-03,DE,360.79,EUR
2024-05-03,AT,128.12,EUR
2024-05-03,CH,87.92,CHF
2024-05-04,DE,459.03,EUR
2024-05-04,AT,189.81,EUR
2024-05-04,CH,133.44,CHF
2024-05-05,DE,559.39,EUR
2024-05-05,AT,112.59,EUR
2024-05-05,CH,100.47,CHF
2024-05-06,DE,331.92,EUR
2024-05-06,AT,63.25,EUR
2024-05-06,CH,89.16,CHF
2024-05-07,DE,207.49,EUR
2024-05-07,AT,72.23,EUR
2024-05-07,CH,84.71,CHF
2024-05-08,DE,273.08,EUR
2024-05-08,AT,122.13,EUR
2024-05-08,CH,75.12,CHF
2024-05-09,DE,324.21,EUR
2024-05-09,AT,72.91,EUR
2024-05-09,CH,60.22,CHF
2024-05-10,DE,377.2,EUR
2024-05-10,AT,131.37,EUR
2024-05-10,CH,94.65,CHF
2024-05-11,DE,422.35,EUR
2024-05-11,AT,142.74,EUR
2024-05-11,CH,107.58,CHF
2024-05-12,DE,368.4,EUR
2024-05-12,AT,238.13,EUR
2024-05-12,CH,129.65,CHF
2024-05-13,DE,321.05,EUR
2024-05-13,AT,176.32,EUR
2024-05-13,CH,63.31,CHF
2024-05-14,DE,231.51,EUR
2024-05-14,AT,87.89,EUR
2024-05-14,CH,47.47,CHF
2024-05-15,DE,311.68,EUR
2024-05-15,AT,119.24,EUR
2024-05-15,CH,35.91,CHF
2024-05-16,DE,495.9,EUR
2024-05-16,AT,125.2,EUR
2024-05-16,CH,42.67,CHF
2024-05-17,DE,377.78,EUR
2024-05-17,AT,111.62,EUR
2024-05-17,CH,58.83,CHF
2024-05-18,DE,533.11,EUR
2024-05-18,AT,134.61,EUR
2024-05-18,CH,66.3,CHF
2024-05-19,DE,622.21,EUR
2024-05-19,AT,131.75,EUR
2024-05-19,CH,79.61,CHF
2024-05-20,DE,380.95,EUR
2024-05-20,AT,76.29,EUR
2024-05-20,CH,65.09,CHF
2024-05-21,DE,249.93,EUR
2024-05-21,AT,58.28,EUR
2024-05-21,CH,82.49,CHF
2024-05-22,DE,366.92,EUR
2024-05-22,AT,34.97,EUR
2024-05-22,CH,90.93,CHF
2024-05-23,DE,394.57,EUR
2024-05-23,AT,109.41,EUR
2024-05-23,CH,42.41,CHF
2024-05-24,DE,311.61,EUR
2024-05-24,AT,94.38,EUR
2024-05-24,CH,47.02,CHF
2024-05-25,DE,464.05,EUR
2024-05-25,AT,112.08,EUR
2024-05-25,CH,83.66,CHF
2024-05-26,DE,488.39,EUR
2024-05-26,AT,108.31,EUR
2024-05-26,CH,133.24,CHF
2024-05-27,DE,422.75,EUR
2024-05-27,AT,124.37,EUR
2024-05-27,CH,74.9,CHF
2024-05-28,DE,323.72,EUR
2024-05-28,AT,132.07,EUR
2024-05-28,CH,72.05,CHF
2024-05-29,DE,372.64,EUR
2024-05-29,AT,121.24,EUR
2024-05-29,CH,98.41,CHF
2024-05-30,DE,506.58,EUR
2024-05-30,AT,148.44,EUR
2024-05-30,CH,81.07,CHF
2024-05-31,DE,405.42,EUR
2024-05-31,AT,70.99,EUR
2024-05-31,CH,127.33,CHF
2024-06-01,DE,387.19,EUR
2024-06-01,AT,152.07,EUR
2024-06-01,CH,135.96,CHF
2024-06-02,DE,372.64,EUR
2024-06-02,AT,150.56,EUR
2024-06-02,CH,80.64,CHF
2024-06-03,DE,323.37,EUR
2024-06-03,AT,111.34,EUR
2024-06-03,CH,29.48,CHF
2024-06-04,DE,331.97,EUR
2024-06-04,AT,144.42,EUR
2024-06-04,CH,36.78,CHF
2024-06-05,DE,344.35,EUR
2024-06-05,AT,121.56,EUR
2024-06-05,CH,76.84,CHF
2024-06-06,DE,435.15,EUR
2024-06-06,AT,90.27,EUR
2024-06-06,CH,100.27,CHF
2024-06-07,DE,376.73,EUR
2024-06-07,AT,169.05,EUR
2024-06-07,CH,80.11,CHF
2024-06-08,DE,452.22,EUR
2024-06-08,AT,95.92,EUR
2024-06-08,CH,68.1,CHF
2024-06-09,DE,436.05,EUR
2024-06-09,AT,131.95,EUR
2024-06-09,CH,77.43,CHF
2024-06-10,DE,364.73,EUR
2024-06-10,AT,82.98,EUR
2024-06-10,CH,96.68,CHF
2024-06-11,DE,435.69,EUR
2024-06-11,AT,136.52,EUR
2024-06-11,CH,25.65,CHF
2024-06-12,DE,383.43,EUR
2024-06-12,AT,142.55,EUR
2024-06-12,CH,82.68,CHF
2024-06-13,DE,329.73,EUR
2024-06-13,AT,117.06,EUR
2024-06-13,CH,61.21,CHF
2024-06-14,DE,441.04,EUR
2024-06-14,AT,75.9,EUR
2024-06-14,CH,16.95,CHF
2024-06-15,DE,519.74,EUR
2024-06-15,AT,122.37,EUR
2024-06-15,CH,87.1,CHF
2024-06-16,DE,486.39,EUR
2024-06-16,AT,162.84,EUR
2024-06-16,CH,109.72,CHF
2024-06-17,DE,263.96,EUR
2024-06-17,AT,156.51,EUR
2024-06-17,CH,64.71,CHF
2024-06-18,DE,338.31,EUR
2024-06-18,AT,71.88,EUR
2024-06-18,CH,73.04,CHF
2024-06-19,DE,277.08,EUR
2024-06-19,AT,83.83,EUR
2024-06-19,CH,49.25,CHF
2024-06-20,DE,314.38,EUR
2024-06-20,AT,143.64,EUR
2024-06-20,CH,68.68,CHF
2024-06-21,DE,471.58,EUR
2024-06-21,AT,163.44,EUR
2024-06-21,CH,54.61,CHF
2024-06-22,DE,384.14,EUR
2024-06-22,AT,153.8,EUR
2024-06-22,CH,72.05,CHF
2024-06-23,DE,451.48,EUR
2024-06-23,AT,194.04,EUR
2024-06-23,CH,134.4,CHF
2024-06-24,DE,349.59,EUR
2024-06-24,AT,124.16,EUR
2024-06-24,CH,53.01,CHF
2024-06-25,DE,293.32,EUR
2024-06-25,AT,75.17,EUR
2024-06-25,CH,104.58,CHF
2024-06-26,DE,391.68,EUR
2024-06-26,AT,100.19,EUR
2024-06-26,CH,63.22,CHF
2024-06-27,DE,393.59,EUR
2024-06-27,AT,138.3,EUR
2024-06-27,CH,73.45,CHF
2024-06-28,DE,454.98,EUR
2024-06-28,AT,153.47,EUR
2024-06-28,CH,153.17,CHF
2024-06-29,DE,401.13,EUR
2024-06-29,AT,171.81,EUR
2024-06-29,CH,87.74,CHF
2024-06-30,DE,720.83,EUR
2024-06-30,AT,106.08,EUR
2024-06-30,CH,116.46,CHF
2024-07-01,DE,387.87,EUR
2024-07-01,AT,111.78,EUR
2024-07-01,CH,113.4,CHF
2024-07-02,DE,295.04,EUR
2024-07-02,AT,86.17,EUR
2024-07-02,CH,70.13,CHF
2024-07-03,DE,409.72,EUR
2024-07-03,AT,85.43,EUR
2024-07-03,CH,24.5,CHF
2024-07-04,DE,456.51,EUR
2024-07-04,AT,77.34,EUR
2024-07-04,CH,71.16,CHF
2024-07-05,DE,440.67,EUR
2024-07-05,AT,107.82,EUR
2024-07-05,CH,58.73,CHF
2024-07-06,DE,355.46,EUR
2024-07-06,AT,99.66,EUR
2024-07-06,CH,113.94,CHF
2024-07-07,DE,543.96,EUR
2024-07-07,AT,192.0,EUR
2024-07-07,CH,77.13,CHF
2024-07-08,DE,360.64,EUR
2024-07-08,AT,175.68,EUR
2024-07-08,CH,68.71,CHF
2024-07-09,DE,345.06,EUR
2024-07-09,AT,47.32,EUR
2024-07-09,CH,43.62,CHF
2024-07-10,DE,265.5,EUR
2024-07-10,AT,90.75,EUR
2024-07-10,CH,64.27,CHF
2024-07-11,DE,220.8,EUR
2024-07-11,AT,96.38,EUR
2024-07-11,CH,90.64,CHF
2024-07-12,DE,347.88,EUR
2024-07-12,AT,111.85,EUR
2024-07-12,CH,98.26,CHF
2024-07-13,DE,503.09,EUR
2024-07-13,AT,112.99,EUR
2024-07-13,CH,124.63,CHF
2024-07-14,DE,498.86,EUR
2024-07-14,AT,143.01,EUR
2024-07-14,CH,96.55,CHF
2024-07-15,DE,533.43,EUR
2024-07-15,AT,112.21,EUR
2024-07-15,CH,139.48,CHF
2024-07-16,DE,463.68,EUR
2024-07-16,AT,139.94,EUR
2024-07-16,CH,79.53,CHF
2024-07-17,DE,401.99,EUR
2024-07-17,AT,212.4,EUR
2024-07-17,CH,132.09,CHF
2024-07-18,DE,626.13,EUR
2024-07-18,AT,149.57,EUR
2024-07-18,CH,76.77,CHF
2024-07-19,DE,533.96,EUR
2024-07-19,AT,138.47,EUR
2024-07-19,CH,143.1,CHF
2024-07-20,DE,648.12,EUR
2024-07-20,AT,180.16,EUR
2024-07-20,CH,98.07,CHF
2024-07-21,DE,840.37,EUR
2024-07-21,AT,244.01,EUR
2024-07-21,CH,134.25,CHF
2024-07-22,DE,563.27,EUR
2024-07-22,AT,118.45,EUR
2024-07-22,CH,60.98,CHF
2024-07-23,DE,417.62,EUR
2024-07-23,AT,86.78,EUR
2024-07-23,CH,95.13,CHF
2024-07-24,DE,561.68,EUR
2024-07-24,AT,130.96,EUR
2024-07-24,CH,122.02,CHF
2024-07-25,DE,558.77,EUR
2024-07-25,AT,140.53,EUR
2024-07-25,CH,109.63,CHF
2024-07-26,DE,621.9,EUR
2024-07-26,AT,264.72,EUR
2024-07-26,CH,120.84,CHF
2024-07-27,DE,779.29,EUR
2024-07-27,AT,203.8,EUR
2024-07-27,CH,131.91,CHF
2024-07-28,DE,843.87,EUR
2024-07-28,AT,211.67,EUR
2024-07-28,CH,187.3,CHF
2024-07-29,DE,426.11,EUR
2024-07-29,AT,212.54,EUR
2024-07-29,CH,130.16,CHF
2024-07-30,DE,511.26,EUR
2024-07-30,AT,152.95,EUR
2024-07-30,CH,137.08,CHF
2024-07-31,DE,384.19,EUR
2024-07-31,AT,112.13,EUR
2024-07-31,CH,42.67,CHF
2024-08-01,DE,459.08,EUR
2024-08-01,AT,92.66,EUR
2024-08-01,CH,74.58,CHF
2024-08-02,DE,256.5,EUR
2024-08-02,AT,91.51,EUR
2024-08-02,CH,60.67,CHF
2024-08-03,DE,515.84,EUR
2024-08-03,AT,99.65,EUR
2024-08-03,CH,73.86,CHF
2024-08-04,DE,495.07,EUR
2024-08-04,AT,129.45,EUR
2024-08-04,CH,77.54,CHF
2024-08-05,DE,292.53,EUR
2024-08-05,AT,116.83,EUR
2024-08-05,CH,58.78,CHF
2024-08-06,DE,377.91,EUR
2024-08-06,AT,92.8,EUR
2024-08-06,CH,85.76,CHF
2024-08-07,DE,337.51,EUR
2024-08-07,AT,48.06,EUR
2024-08-07,CH,83.29,CHF
2024-08-08,DE,339.44,EUR
2024-08-08,AT,73.3,EUR
2024-08-08,CH,82.98,CHF
2024-08-09,DE,390.27,EUR
2024-08-09,AT,101.78,EUR
2024-08-09,CH,86.83,CHF
2024-08-10,DE,437.53,EUR
2024-08-10,AT,122.79,EUR
2024-08-10,CH,64.15,CHF
2024-08-11,DE,444.06,EUR
2024-08-11,AT,171.98,EUR
2024-08-11,CH,109.8,CHF
2024-08-12,DE,367.38,EUR
2024-08-12,AT,156.29,EUR
2024-08-12,CH,63.71,CHF
2024-08-13,DE,355.9,EUR
2024-08-13,AT,157.23,EUR
2024-08-13,CH,55.04,CHF
2024-08-14,DE,375.45,EUR
2024-08-14,AT,158.22,EUR
2024-08-14,CH,89.2,CHF
2024-08-15,DE,361.53,EUR
2024-08-15,AT,108.68,EUR
2024-08-15,CH,90.07,CHF
2024-08-16,DE,365.53,EUR
2024-08-16,AT,147.0,EUR
2024-08-16,CH,106.02,CHF
2024-08-17,DE,360.98,EUR
2024-08-17,AT,179.19,EUR
2024-08-17,CH,79.14,CHF
2024-08-18,DE,503.45,EUR
2024-08-18,AT,132.03,EUR
2024-08-18,CH,142.68,CHF
2024-08-19,DE,319.38,EUR
2024-08-19,AT,182.43,EUR
2024-08-19,CH,64.6,CHF
2024-08-20,DE,303.35,EUR
2024-08-20,AT,156.49,EUR
2024-08-20,CH,53.49,CHF
2024-08-21,DE,311.67,EUR
2024-08-21,AT,84.37,EUR
2024-08-21,CH,69.56,CHF
2024-08-22,DE,435.79,EUR
2024-08-22,AT,104.65,EUR
2024-08-22,CH,87.57,CHF
2024-08-23,DE,367.14,EUR
2024-08-23,AT,126.44,EUR
2024-08-23,CH,101.25,CHF
2024-08-24,DE,369.67,EUR
2024-08-24,AT,89.97,EUR
2024-08-24,CH,112.64,CHF
2024-08-25,DE,510.18,EUR
2024-08-25,AT,197.94,EUR
2024-08-25,CH,86.01,CHF
2024-08-26,DE,424.71,EUR
2024-08-26,AT,103.26,EUR
2024-08-26,CH,63.18,CHF
2024-08-27,DE,385.63,EUR
2024-08-27,AT,102.28,EUR
2024-08-27,CH,48.72,CHF
2024-08-28,DE,349.16,EUR
2024-08-28,AT,31.29,EUR
2024-08-28,CH,97.52,CHF
2024-08-29,DE,434.87,EUR
2024-08-29,AT,102.33,EUR
2024-08-29,CH,104.61,CHF
2024-08-30,DE,294.38,EUR
2024-08-30,AT,188.36,EUR
2024-08-30,CH,80.87,CHF
2024-08-31,DE,494.09,EUR
2024-08-31,AT,189.15,EUR
2024-08-31,CH,148.89,CHF
2024-09-01,DE,453.62,EUR
2024-09-01,AT,164.52,EUR
2024-09-01,CH,90.1,CHF
2024-09-02,DE,354.81,EUR
2024-09-02,AT,48.59,EUR
2024-09-02,CH,47.99,CHF
2024-09-03,DE,369.9,EUR
2024-09-03,AT,43.65,EUR
2024-09-03,CH,108.39,CHF
2024-09-04,DE,363.48,EUR
2024-09-04,AT,115.97,EUR
2024-09-04,CH,44.51,CHF
2024-09-05,DE,388.28,EUR
2024-09-05,AT,128.95,EUR
2024-09-05,CH,65.35,CHF
2024-09-06,DE,415.2,EUR
2024-09-06,AT,98.67,EUR
2024-09-06,CH,55.31,CHF
2024-09-07,DE,420.02,EUR
2024-09-07,AT,166.35,EUR
2024-09-07,CH,77.9,CHF
2024-09-08,DE,429.0,EUR
2024-09-08,AT,147.57,EUR
2024-09-08,CH,86.85,CHF
2024-09-09,DE,258.78,EUR
2024-09-09,AT,107.43,EUR
2024-09-09,CH,71.57,CHF
2024-09-10,DE,279.46,EUR
2024-09-10,AT,73.85,EUR
2024-09-10,CH,46.69,CHF
2024-09-11,DE,362.59,EUR
2024-09-11,AT,92.17,EUR
2024-09-11,CH,45.67,CHF
2024-09-12,DE,353.57,EUR
2024-09-12,AT,62.23,EUR
2024-09-12,CH,68.79,CHF
2024-09-13,DE,412.02,EUR
2024-09-13,AT,99.53,EUR
2024-09-13,CH,66.45,CHF
2024-09-14,DE,346.29,EUR
2024-09-14,AT,135.17,EUR
2024-09-14,CH,86.19,CHF
2024-09-15,DE,563.32,EUR
2024-09-15,AT,185.23,EUR
2024-09-15,CH,160.77,CHF
2024-09-16,DE,331.21,EUR
2024-09-16,AT,100.09,EUR
2024-09-16,CH,63.18,CHF
2024-09-17,DE,378.92,EUR
2024-09-17,AT,96.58,EUR
2024-09-17,CH,78.59,CHF
2024-09-18,DE,308.14,EUR
2024-09-18,AT,125.34,EUR
2024-09-18,CH,88.57,CHF
2024-09-19,DE,305.35,EUR
2024-09-19,AT,110.5,EUR
2024-09-19,CH,126.35,CHF
2024-09-20,DE,342.99,EUR
2024-09-20,AT,134.46,EUR
2024-09-20,CH,95.0,CHF
2024-09-21,DE,438.77,EUR
2024-09-21,AT,158.76,EUR
2024-09-21,CH,75.37,CHF
2024-09-22,DE,567.56,EUR
2024-09-22,AT,124.41,EUR
2024-09-22,CH,59.07,CHF
2024-09-23,DE,339.31,EUR
2024-09-23,AT,120.61,EUR
2024-09-23,CH,49.02,CHF
2024-09-24,DE,443.18,EUR
2024-09-24,AT,113.63,EUR
2024-09-24,CH,45.81,CHF
2024-09-25,DE,380.55,EUR
2024-09-25,AT,103.52,EUR
2024-09-25,CH,70.41,CHF
2024-09-26,DE,358.13,EUR
2024-09-26,AT,102.12,EUR
2024-09-26,CH,96.48,CHF
2024-09-27,DE,484.93,EUR
2024-09-27,AT,212.06,EUR
2024-09-27,CH,123.93,CHF
2024-09-28,DE,490.07,EUR
2024-09-28,AT,105.58,EUR
2024-09-28,CH,48.04,CHF
2024-09-29,DE,588.37,EUR
2024-09-29,AT,173.14,EUR
2024-09-29,CH,157.69,CHF
2024-09-30,DE,346.71,EUR
2024-09-30,AT,85.41,EUR
2024-09-30,CH,70.65,CHF
2024-10-01,DE,293.2,EUR
2024-10-01,AT,133.76,EUR
2024-10-01,CH,41.89,CHF
2024-10-02,DE,371.55,EUR
2024-10-02,AT,152.12,EUR
2024-10-02,CH,38.43,CHF
2024-10-03,DE,490.35,EUR
2024-10-03,AT,103.89,EUR
2024-10-03,CH,108.38,CHF
2024-10-04,DE,270.86,EUR
2024-10-04,AT,103.17,EUR
2024-10-04,CH,96.69,CHF
2024-10-05,DE,537.26,EUR
2024-10-05,AT,149.13,EUR
2024-10-05,CH,100.37,CHF
2024-10-06,DE,592.45,EUR
2024-10-06,AT,152.54,EUR
2024-10-06,CH,126.47,CHF
2024-10-07,DE,356.62,EUR
2024-10-07,AT,122.42,EUR
2024-10-07,CH,47.18,CHF
2024-10-08,DE,342.14,EUR
2024-10-08,AT,102.31,EUR
2024-10-08,CH,60.58,CHF
2024-10-09,DE,388.44,EUR
2024-10-09,AT,119.01,EUR
2024-10-09,CH,76.14,CHF
2024-10-10,DE,361.27,EUR
2024-10-10,AT,118.78,EUR
2024-10-10,CH,64.67,CHF
2024-10-11,DE,361.56,EUR
2024-10-11,AT,95.48,EUR
2024-10-11,CH,115.42,CHF
2024-10-12,DE,451.78,EUR
2024-10-12,AT,122.59,EUR
2024-10-12,CH,54.84,CHF
2024-10-13,DE,579.09,EUR
2024-10-13,AT,136.85,EUR
2024-10-13,CH,120.1,CHF
2024-10-14,DE,399.63,EUR
2024-10-14,AT,111.73,EUR
2024-10-14,CH,62.05,CHF
2024-10-15,DE,374.86,EUR
2024-10-15,AT,87.63,EUR
2024-10-15,CH,123.76,CHF
2024-10-16,DE,429.21,EUR
2024-10-16,AT,112.77,EUR
2024-10-16,CH,36.36,CHF
2024-10-17,DE,431.4,EUR
2024-10-17,AT,144.69,EUR
2024-10-17,CH,89.39,CHF
2024-10-18,DE,368.04,EUR
2024-10-18,AT,142.97,EUR
2024-10-18,CH,73.67,CHF
2024-10-19,DE,559.66,EUR
2024-10-19,AT,133.05,EUR
2024-10-19,CH,132.83,CHF
2024-10-20,DE,393.87,EUR
2024-10-20,AT,135.35,EUR
2024-10-20,CH,89.68,CHF
2024-10-21,DE,249.71,EUR
2024-10-21,AT,101.26,EUR
2024-10-21,CH,20.2,CHF
2024-10-22,DE,319.24,EUR
2024-10-22,AT,59.39,EUR
2024-10-22,CH,71.13,CHF
2024-10-23,DE,367.2,EUR
2024-10-23,AT,119.52,EUR
2024-10-23,CH,82.48,CHF
2024-10-24,DE,346.05,EUR
2024-10-24,AT,96.46,EUR
2024-10-24,CH,30.76,CHF
2024-10-25,DE,486.65,EUR
2024-10-25,AT,123.15,EUR
2024-10-25,CH,114.88,CHF
2024-10-26,DE,420.32,EUR
2024-10-26,AT,162.07,EUR
2024-10-26,CH,204.25,CHF
2024-10-27,DE,654.89,EUR
2024-10-27,AT,313.48,EUR
2024-10-27,CH,150.52,CHF
2024-10-28,DE,421.6,EUR
2024-10-28,AT,88.19,EUR
2024-10-28,CH,97.44,CHF
2024-10-29,DE,415.18,EUR
2024-10-29,AT,147.89,EUR
2024-10-29,CH,89.89,CHF
2024-10-30,DE,472.03,EUR
2024-10-30,AT,81.19,EUR
2024-10-30,CH,80.67,CHF
2024-10-31,DE,425.46,EUR
2024-10-31,AT,129.39,EUR
2024-10-31,CH,101.77,CHF
2024-11-01,DE,454.54,EUR
2024-11-01,AT,126.42,EUR
2024-11-01,CH,50.25,CHF
2024-11-02,DE,460.44,EUR
2024-11-02,AT,102.36,EUR
2024-11-02,CH,84.82,CHF
2024-11-03,DE,395.07,EUR
2024-11-03,AT,176.11,EUR
2024-11-03,CH,126.49,CHF
2024-11-04,DE,290.77,EUR
2024-11-04,AT,99.44,EUR
2024-11-04,CH,70.5,CHF
2024-11-05,DE,353.31,EUR
2024-11-05,AT,97.24,EUR
2024-11-05,CH,52.12,CHF
2024-11-06,DE,327.09,EUR
2024-11-06,AT,132.82,EUR
2024-11-06,CH,45.9,CHF
2024-11-07,DE,488.46,EUR
2024-11-07,AT,115.87,EUR
2024-11-07,CH,132.98,CHF
2024-11-08,DE,412.15,EUR
2024-11-08,AT,114.39,EUR
2024-11-08,CH,66.01,CHF
2024-11-09,DE,548.05,EUR
2024-11-09,AT,142.67,EUR
2024-11-09,CH,85.16,CHF
2024-11-10,DE,503.95,EUR
2024-11-10,AT,170.66,EUR
2024-11-10,CH,130.31,CHF
2024-11-11,DE,261.58,EUR
2024-11-11,AT,132.85,EUR
2024-11-11,CH,76.98,CHF
2024-11-12,DE,389.89,EUR
2024-11-12,AT,78.79,EUR
2024-11-12,CH,98.78,CHF
2024-11-13,DE,386.56,EUR
2024-11-13,AT,90.47,EUR
2024-11-13,CH,82.41,CHF
2024-11-14,DE,407.25,EUR
2024-11-14,AT,121.3,EUR
2024-11-14,CH,56.34,CHF
2024-11-15,DE,425.51,EUR
2024-11-15,AT,45.2,EUR
2024-11-15,CH,39.3,CHF
2024-11-16,DE,484.21,EUR
2024-11-16,AT,136.61,EUR
2024-11-16,CH,128.82,CHF
2024-11-17,DE,597.36,EUR
2024-11-17,AT,145.69,EUR
2024-11-17,CH,107.05,CHF
2024-11-18,DE,273.9,EUR
2024-11-18,AT,96.22,EUR
2024-11-18,CH,51.26,CHF
2024-11-19,DE,253.03,EUR
2024-11-19,AT,128.09,EUR
2024-11-19,CH,22.51,CHF
2024-11-20,DE,1153.22,EUR
2024-11-20,AT,241.85,EUR
2024-11-20,CH,188.52,CHF
2024-11-21,DE,1041.73,EUR
2024-11-21,AT,375.83,EUR
2024-11-21,CH,166.94,CHF
2024-11-22,DE,1183.2,EUR
2024-11-22,AT,311.23,EUR
2024-11-22,CH,276.89,CHF
2024-11-23,DE,1362.97,EUR
2024-11-23,AT,453.65,EUR
2024-11-23,CH,294.73,CHF
2024-11-24,DE,1493.71,EUR
2024-11-24,AT,410.91,EUR
2024-11-24,CH,283.16,CHF
2024-11-25,DE,1142.06,EUR
2024-11-25,AT,355.33,EUR
2024-11-25,CH,152.96,CHF
2024-11-26,DE,1072.3,EUR
2024-11-26,AT,356.86,EUR
2024-11-26,CH,240.71,CHF
2024-11-27,DE,1270.72,EUR
2024-11-27,AT,393.85,EUR
2024-11-27,CH,341.64,CHF
2024-11-28,DE,406.96,EUR
2024-11-28,AT,127.28,EUR
2024-11-28,CH,68.26,CHF
2024-11-29,DE,485.13,EUR
2024-11-29,AT,171.96,EUR
2024-11-29,CH,84.53,CHF
2024-11-30,DE,564.18,EUR
2024-11-30,AT,156.74,EUR
2024-11-30,CH,91.09,CHF
2024-12-01,DE,841.53,EUR
2024-12-01,AT,300.58,EUR
2024-12-01,CH,151.46,CHF
2024-12-02,DE,774.34,EUR
2024-12-02,AT,208.37,EUR
2024-12-02,CH,115.31,CHF
2024-12-03,DE,620.5,EUR
2024-12-03,AT,132.31,EUR
2024-12-03,CH,164.6,CHF
2024-12-04,DE,569.21,EUR
2024-12-04,AT,172.25,EUR
2024-12-04,CH,120.43,CHF
2024-12-05,DE,662.1,EUR
2024-12-05,AT,211.03,EUR
2024-12-05,CH,119.86,CHF
2024-12-06,DE,803.2,EUR
2024-12-06,AT,269.53,EUR
2024-12-06,CH,116.58,CHF
2024-12-07,DE,780.16,EUR
2024-12-07,AT,347.39,EUR
2024-12-07,CH,157.65,CHF
2024-12-08,DE,965.4,EUR
2024-12-08,AT,286.66,EUR
2024-12-08,CH,106.59,CHF
2024-12-09,DE,727.17,EUR
2024-12-09,AT,91.0,EUR
2024-12-09,CH,159.74,CHF
2024-12-10,DE,719.89,EUR
2024-12-10,AT,236.57,EUR
2024-12-10,CH,68.32,CHF
2024-12-11,DE,567.65,EUR
2024-12-11,AT,192.32,EUR
2024-12-11,CH,128.78,CHF
2024-12-12,DE,603.38,EUR
2024-12-12,AT,282.64,EUR
2024-12-12,CH,159.06,CHF
2024-12-13,DE,819.44,EUR
2024-12-13,AT,199.73,EUR
2024-12-13,CH,156.87,CHF
2024-12-14,DE,857.97,EUR
2024-12-14,AT,254.9,EUR
2024-12-14,CH,190.63,CHF
2024-12-15,DE,825.43,EUR
2024-12-15,AT,364.36,EUR
2024-12-15,CH,176.3,CHF
2024-12-16,DE,362.54,EUR
2024-12-16,AT,125.32,EUR
2024-12-16,CH,42.15,CHF
2024-12-17,DE,409.67,EUR
2024-12-17,AT,91.6,EUR
2024-12-17,CH,71.6,CHF
2024-12-18,DE,318.77,EUR
2024-12-18,AT,148.35,EUR
2024-12-18,CH,60.65,CHF
2024-12-19,DE,340.69,EUR
2024-12-19,AT,175.71,EUR
2024-12-19,CH,37.17,CHF
2024-12-20,DE,346.32,EUR
2024-12-20,AT,133.59,EUR
2024-12-20,CH,73.69,CHF
2024-12-21,DE,516.35,EUR
2024-12-21,AT,126.84,EUR
2024-12-21,CH,78.01,CHF
2024-12-22,DE,497.09,EUR
2024-12-22,AT,173.31,EUR
2024-12-22,CH,149.8,CHF
2024-12-23,DE,332.66,EUR
2024-12-23,AT,65.2,EUR
2024-12-23,CH,109.34,CHF
2024-12-24,DE,74.01,EUR
2024-12-24,AT,40.5,EUR
2024-12-24,CH,13.83,CHF
2024-12-25,DE,64.55,EUR
2024-12-25,AT,22.45,EUR
2024-12-25,CH,0.0,CHF
2024-12-26,DE,76.51,EUR
2024-12-26,AT,31.08,EUR
2024-12-26,CH,35.98,CHF
2024-12-27,DE,590.45,EUR
2024-12-27,AT,189.75,EUR
2024-12-27,CH,112.23,CHF
2024-12-28,DE,511.79,EUR
2024-12-28,AT,164.94,EUR
2024-12-28,CH,81.38,CHF
2024-12-29,DE,690.79,EUR
2024-12-29,AT,166.44,EUR
2024-12-29,CH,159.26,CHF
2024-12-30,DE,374.69,EUR
2024-12-30,AT,87.76,EUR
2024-12-30,CH,95.09,CHF
2024-12-31,DE,414.0,EUR
2024-12-31,AT,190.13,EUR
2024-12-31,CH,129.15,CHF
2025-01-01,DE,419.46,EUR
2025-01-01,AT,107.62,EUR
2025-01-01,CH,82.98,CHF
2025-01-02,DE,398.15,EUR
2025-01-02,AT,151.99,EUR
2025-01-02,CH,86.69,CHF
2025-01-03,DE,432.05,EUR
2025-01-03,AT,90.82,EUR
2025-01-03,CH,74.85,CHF
2025-01-04,DE,506.72,EUR
2025-01-04,AT,138.31,EUR
2025-01-04,CH,113.04,CHF
2025-01-05,DE,523.9,EUR
2025-01-05,AT,154.44,EUR
2025-01-05,CH,93.78,CHF
2025-01-06,DE,294.09,EUR
2025-01-06,AT,87.87,EUR
2025-01-06,CH,55.86,CHF
2025-01-07,DE,429.94,EUR
2025-01-07,AT,133.86,EUR
2025-01-07,CH,35.97,CHF
2025-01-08,DE,439.42,EUR
2025-01-08,AT,89.2,EUR
2025-01-08,CH,77.76,CHF
2025-01-09,DE,238.34,EUR
2025-01-09,AT,96.22,EUR
2025-01-09,CH,36.08,CHF
2025-01-10,DE,446.09,EUR
2025-01-10,AT,125.97,EUR
2025-01-10,CH,118.37,CHF
2025-01-11,DE,424.3,EUR
2025-01-11,AT,79.25,EUR
2025-01-11,CH,78.32,CHF
2025-01-12,DE,487.27,EUR
2025-01-12,AT,87.64,EUR
2025-01-12,CH,76.66,CHF
2025-01-13,DE,291.46,EUR
2025-01-13,AT,57.31,EUR
2025-01-13,CH,53.07,CHF
2025-01-14,DE,311.91,EUR
2025-01-14,AT,80.75,EUR
2025-01-14,CH,79.68,CHF
2025-01-15,DE,319.66,EUR
2025-01-15,AT,67.74,EUR
2025-01-15,CH,59.58,CHF
2025-01-16,DE,450.06,EUR
2025-01-16,AT,135.31,EUR
2025-01-16,CH,61.17,CHF
2025-01-17,DE,394.88,EUR
2025-01-17,AT,206.52,EUR
2025-01-17,CH,82.26,CHF
2025-01-18,DE,415.52,EUR
2025-01-18,AT,80.43,EUR
2025-01-18,CH,116.7,CHF
2025-01-19,DE,534.83,EUR
2025-01-19,AT,138.66,EUR
2025-01-19,CH,89.69,CHF
2025-01-20,DE,381.25,EUR
2025-01-20,AT,59.05,EUR
2025-01-20,CH,104.66,CHF
2025-01-21,DE,420.13,EUR
2025-01-21,AT,78.73,EUR
2025-01-21,CH,85.76,CHF
2025-01-22,DE,473.81,EUR
2025-01-22,AT,104.68,EUR
2025-01-22,CH,67.49,CHF
2025-01-23,DE,374.77,EUR
2025-01-23,AT,42.24,EUR
2025-01-23,CH,48.65,CHF
2025-01-24,DE,312.27,EUR
2025-01-24,AT,159.83,EUR
2025-01-24,CH,83.52,CHF
2025-01-25,DE,464.13,EUR
2025-01-25,AT,148.59,EUR
2025-01-25,CH,75.92,CHF
2025-01-26,DE,525.81,EUR
2025-01-26,AT,205.65,EUR
2025-01-26,CH,161.13,CHF
2025-01-27,DE,415.95,EUR
2025-01-27,AT,104.31,EUR
2025-01-27,CH,124.67,CHF
2025-01-28,DE,340.72,EUR
2025-01-28,AT,195.35,EUR
2025-01-28,CH,80.57,CHF
2025-01-29,DE,411.76,EUR
2025-01-29,AT,85.04,EUR
2025-01-29,CH,70.05,CHF
2025-01-30,DE,470.56,EUR
2025-01-30,AT,126.39,EUR
2025-01-30,CH,55.49,CHF
2025-01-31,DE,507.62,EUR
2025-01-31,AT,181.61,EUR
2025-01-31,CH,79.67,CHF
2025-02-01,DE,532.52,EUR
2025-02-01,AT,181.5,EUR
2025-02-01,CH,70.73,CHF
2025-02-02,DE,483.69,EUR
2025-02-02,AT,74.17,EUR
2025-02-02,CH,131.39,CHF
2025-02-03,DE,418.94,EUR
2025-02-03,AT,98.69,EUR
2025-02-03,CH,59.24,CHF
2025-02-04,DE,361.85,EUR
2025-02-04,AT,83.62,EUR
2025-02-04,CH,89.59,CHF
2025-02-05,DE,310.12,EUR
2025-02-05,AT,143.62,EUR
2025-02-05,CH,61.16,CHF
2025-02-06,DE,466.0,EUR
2025-02-06,AT,167.9,EUR
2025-02-06,CH,73.58,CHF
2025-02-07,DE,350.67,EUR
2025-02-07,AT,104.65,EUR
2025-02-07,CH,39.07,CHF
2025-02-08,DE,512.96,EUR
2025-02-08,AT,133.13,EUR
2025-02-08,CH,55.73,CHF
2025-02-09,DE,469.61,EUR
2025-02-09,AT,216.11,EUR
2025-02-09,CH,110.51,CHF
2025-02-10,DE,310.46,EUR
2025-02-10,AT,134.88,EUR
2025-02-10,CH,53.25,CHF
2025-02-11,DE,356.58,EUR
2025-02-11,AT,76.16,EUR
2025-02-11,CH,102.33,CHF
2025-02-12,DE,300.77,EUR
2025-02-12,AT,161.45,EUR
2025-02-12,CH,25.13,CHF
2025-02-13,DE,404.91,EUR
2025-02-13,AT,84.11,EUR
2025-02-13,CH,24.86,CHF
2025-02-14,DE,420.69,EUR
2025-02-14,AT,179.5,EUR
2025-02-14,CH,76.79,CHF
2025-02-15,DE,321.66,EUR
2025-02-15,AT,124.1,EUR
2025-02-15,CH,100.33,CHF
2025-02-16,DE,542.6,EUR
2025-02-16,AT,140.75,EUR
2025-02-16,CH,150.14,CHF
2025-02-17,DE,343.94,EUR
2025-02-17,AT,115.03,EUR
2025-02-17,CH,54.09,CHF
2025-02-18,DE,329.06,EUR
2025-02-18,AT,145.85,EUR
2025-02-18,CH,44.31,CHF
2025-02-19,DE,310.98,EUR
2025-02-19,AT,81.56,EUR
2025-02-19,CH,104.94,CHF
2025-02-20,DE,399.52,EUR
2025-02-20,AT,112.12,EUR
2025-02-20,CH,87.77,CHF
2025-02-21,DE,394.81,EUR
2025-02-21,AT,158.06,EUR
2025-02-21,CH,69.78,CHF
2025-02-22,DE,524.5,EUR
2025-02-22,AT,166.59,EUR
2025-02-22,CH,58.58,CHF
2025-02-23,DE,531.17,EUR
2025-02-23,AT,154.73,EUR
2025-02-23,CH,47.55,CHF
2025-02-24,DE,241.09,EUR
2025-02-24,AT,111.54,EUR
2025-02-24,CH,95.08,CHF
2025-02-25,DE,345.83,EUR
2025-02-25,AT,135.33,EUR
2025-02-25,CH,53.31,CHF
2025-02-26,DE,410.72,EUR
2025-02-26,AT,90.78,EUR
2025-02-26,CH,76.72,CHF
2025-02-27,DE,425.1,EUR
2025-02-27,AT,197.68,EUR
2025-02-27,CH,63.99,CHF
2025-02-28,DE,487.85,EUR
2025-02-28,AT,119.83,EUR
2025-02-28,CH,79.82,CHF
2025-03-01,DE,595.63,EUR
2025-03-01,AT,128.31,EUR
2025-03-01,CH,90.38,CHF
2025-03-02,DE,533.62,EUR
2025-03-02,AT,142.37,EUR
2025-03-02,CH,91.73,CHF
2025-03-03,DE,319.49,EUR
2025-03-03,AT,109.45,EUR
2025-03-03,CH,77.46,CHF
2025-03-04,DE,367.62,EUR
2025-03-04,AT,92.31,EUR
2025-03-04,CH,82.59,CHF
2025-03-05,DE,360.45,EUR
2025-03-05,AT,194.19,EUR
2025-03-05,CH,63.05,CHF
2025-03-06,DE,288.97,EUR
2025-03-06,AT,100.12,EUR
2025-03-06,CH,82.09,CHF
2025-03-07,DE,408.73,EUR
2025-03-07,AT,102.6,EUR
2025-03-07,CH,47.66,CHF
2025-03-08,DE,462.52,EUR
2025-03-08,AT,155.63,EUR
2025-03-08,CH,76.16,CHF
2025-03-09,DE,654.82,EUR
2025-03-09,AT,144.84,EUR
2025-03-09,CH,98.54,CHF
2025-03-10,DE,432.03,EUR
2025-03-10,AT,112.99,EUR
2025-03-10,CH,124.77,CHF
2025-03-11,DE,335.79,EUR
2025-03-11,AT,107.69,EUR
2025-03-11,CH,49.19,CHF
2025-03-12,DE,307.8,EUR
2025-03-12,AT,109.25,EUR
2025-03-12,CH,76.93,CHF
2025-03-13,DE,337.5,EUR
2025-03-13,AT,194.22,EUR
2025-03-13,CH,62.29,CHF
2025-03-14,DE,361.23,EUR
2025-03-14,AT,108.84,EUR
2025-03-14,CH,54.69,CHF
2025-03-15,DE,497.93,EUR
2025-03-15,AT,117.36,EUR
2025-03-15,CH,164.5,CHF
2025-03-16,DE,455.36,EUR
2025-03-16,AT,116.43,EUR
2025-03-16,CH,51.09,CHF
2025-03-17,DE,251.28,EUR
2025-03-17,AT,130.16,EUR
2025-03-17,CH,35.0,CHF
2025-03-18,DE,331.11,EUR
2025-03-18,AT,91.13,EUR
2025-03-18,CH,55.3,CHF
2025-03-19,DE,358.21,EUR
2025-03-19,AT,90.08,EUR
2025-03-19,CH,60.18,CHF
2025-03-20,DE,340.86,EUR
2025-03-20,AT,208.72,EUR
2025-03-20,CH,51.21,CHF
2025-03-21,DE,360.72,EUR
2025-03-21,AT,87.78,EUR
2025-03-21,CH,38.24,CHF
2025-03-22,DE,537.02,EUR
2025-03-22,AT,151.01,EUR
2025-03-22,CH,104.1,CHF
2025-03-23,DE,603.9,EUR
2025-03-23,AT,203.1,EUR
2025-03-23,CH,104.34,CHF
2025-03-24,DE,385.19,EUR
2025-03-24,AT,69.01,EUR
2025-03-24,CH,44.71,CHF
2025-03-25,DE,378.96,EUR
2025-03-25,AT,174.47,EUR
2025-03-25,CH,59.98,CHF
2025-03-26,DE,556.98,EUR
2025-03-26,AT,186.96,EUR
2025-03-26,CH,161.79,CHF
2025-03-27,DE,389.39,EUR
2025-03-27,AT,98.85,EUR
2025-03-27,CH,81.48,CHF
2025-03-28,DE,473.43,EUR
2025-03-28,AT,102.23,EUR
2025-03-28,CH,82.74,CHF
2025-03-29,DE,652.92,EUR
2025-03-29,AT,173.55,EUR
2025-03-29,CH,95.39,CHF
2025-03-30,DE,628.19,EUR
2025-03-30,AT,174.6,EUR
2025-03-30,CH,131.48,CHF
2025-03-31,DE,392.55,EUR
2025-03-31,AT,147.19,EUR
2025-03-31,CH,122.62,CHF
2025-04-01,DE,347.23,EUR
2025-04-01,AT,63.8,EUR
2025-04-01,CH,54.11,CHF
2025-04-02,DE,411.12,EUR
2025-04-02,AT,118.28,EUR
2025-04-02,CH,107.62,CHF
2025-04-03,DE,484.13,EUR
2025-04-03,AT,120.42,EUR
2025-04-03,CH,99.15,CHF
2025-04-04,DE,427.17,EUR
2025-04-04,AT,63.02,EUR
2025-04-04,CH,61.79,CHF
2025-04-05,DE,500.14,EUR
2025-04-05,AT,173.42,EUR
2025-04-05,CH,117.28,CHF
2025-04-06,DE,563.35,EUR
2025-04-06,AT,184.48,EUR
2025-04-06,CH,76.95,CHF
2025-04-07,DE,314.6,EUR
2025-04-07,AT,157.91,EUR
2025-04-07,CH,155.75,CHF
2025-04-08,DE,378.89,EUR
2025-04-08,AT,99.58,EUR
2025-04-08,CH,112.1,CHF
2025-04-09,DE,439.58,EUR
2025-04-09,AT,76.01,EUR
2025-04-09,CH,96.74,CHF
2025-04-10,DE,389.81,EUR
2025-04-10,AT,89.11,EUR
2025-04-10,CH,50.19,CHF
2025-04-11,DE,413.97,EUR
2025-04-11,AT,119.47,EUR
2025-04-11,CH,46.99,CHF
2025-04-12,DE,447.36,EUR
2025-04-12,AT,255.67,EUR
2025-04-12,CH,83.97,CHF
2025-04-13,DE,491.92,EUR
2025-04-13,AT,178.37,EUR
2025-04-13,CH,85.8,CHF
2025-04-14,DE,397.2,EUR
2025-04-14,AT,128.23,EUR
2025-04-14,CH,86.21,CHF
2025-04-15,DE,307.88,EUR
2025-04-15,AT,100.47,EUR
2025-04-15,CH,66.2,CHF
2025-04-16,DE,428.3,EUR
2025-04-16,AT,82.47,EUR
2025-04-16,CH,84.75,CHF
2025-04-17,DE,354.89,EUR
2025-04-17,AT,198.19,EUR
2025-04-17,CH,77.68,CHF
2025-04-18,DE,513.87,EUR
2025-04-18,AT,103.04,EUR
2025-04-18,CH,92.66,CHF
2025-04-19,DE,480.76,EUR
2025-04-19,AT,120.34,EUR
2025-04-19,CH,173.26,CHF
2025-04-20,DE,509.43,EUR
2025-04-20,AT,189.04,EUR
2025-04-20,CH,127.81,CHF
2025-04-21,DE,437.34,EUR
2025-04-21,AT,54.72,EUR
2025-04-21,CH,47.21,CHF
2025-04-22,DE,300.35,EUR
2025-04-22,AT,91.48,EUR
2025-04-22,CH,50.0,CHF
2025-04-23,DE,323.86,EUR
2025-04-23,AT,94.83,EUR
2025-04-23,CH,69.89,CHF
2025-04-24,DE,337.57,EUR
2025-04-24,AT,59.43,EUR
2025-04-24,CH,82.5,CHF
2025-04-25,DE,355.08,EUR
2025-04-25,AT,113.67,EUR
2025-04-25,CH,132.39,CHF
2025-04-26,DE,524.33,EUR
2025-04-26,AT,220.41,EUR
2025-04-26,CH,139.33,CHF
2025-04-27,DE,605.2,EUR
2025-04-27,AT,130.97,EUR
2025-04-27,CH,135.68,CHF
2025-04-28,DE,431.65,EUR
2025-04-28,AT,136.38,EUR
2025-04-28,CH,75.81,CHF
2025-04-29,DE,323.56,EUR
2025-04-29,AT,143.58,EUR
2025-04-29,CH,63.99,CHF
2025-04-30,DE,480.58,EUR
2025-04-30,AT,123.84,EUR
2025-04-30,CH,131.96,CHF
2025-05-01,DE,539.93,EUR
2025-05-01,AT,171.79,EUR
2025-05-01,CH,77.02,CHF
2025-05-02,DE,357.67,EUR
2025-05-02,AT,161.5,EUR
2025-05-02,CH,89.41,CHF
2025-05-03,DE,546.71,EUR
2025-05-03,AT,184.1,EUR
2025-05-03,CH,62.23,CHF
2025-05-04,DE,502.18,EUR
2025-05-04,AT,149.74,EUR
2025-05-04,CH,91.72,CHF
2025-05-05,DE,366.67,EUR
2025-05-05,AT,149.48,EUR
2025-05-05,CH,43.5,CHF
2025-05-06,DE,430.95,EUR
2025-05-06,AT,115.64,EUR
2025-05-06,CH,68.24,CHF
2025-05-07,DE,517.35,EUR
2025-05-07,AT,143.86,EUR
2025-05-07,CH,106.34,CHF
2025-05-08,DE,380.27,EUR
2025-05-08,AT,159.94,EUR
2025-05-08,CH,56.69,CHF
2025-05-09,DE,384.19,EUR
2025-05-09,AT,101.44,EUR
2025-05-09,CH,97.0,CHF
2025-05-10,DE,483.11,EUR
2025-05-10,AT,63.67,EUR
2025-05-10,CH,120.14,CHF
2025-05-11,DE,426.77,EUR
2025-05-11,AT,315.76,EUR
2025-05-11,CH,100.03,CHF
2025-05-12,DE,324.93,EUR
2025-05-12,AT,98.0,EUR
2025-05-12,CH,124.62,CHF
2025-05-13,DE,411.11,EUR
2025-05-13,AT,98.93,EUR
2025-05-13,CH,60.1,CHF
2025-05-14,DE,327.42,EUR
2025-05-14,AT,107.37,EUR
2025-05-14,CH,107.58,CHF
2025-05-15,DE,514.91,EUR
2025-05-15,AT,76.54,EUR
2025-05-15,CH,57.01,CHF
2025-05-16,DE,401.21,EUR
2025-05-16,AT,135.72,EUR
2025-05-16,CH,92.8,CHF
2025-05-17,DE,553.28,EUR
2025-05-17,AT,108.53,EUR
2025-05-17,CH,100.95,CHF
2025-05-18,DE,500.03,EUR
2025-05-18,AT,127.26,EUR
2025-05-18,CH,128.44,CHF
2025-05-19,DE,395.28,EUR
2025-05-19,AT,100.4,EUR
2025-05-19,CH,102.61,CHF
2025-05-20,DE,305.42,EUR
2025-05-20,AT,107.96,EUR
2025-05-20,CH,32.09,CHF
2025-05-21,DE,209.29,EUR
2025-05-21,AT,55.36,EUR
2025-05-21,CH,70.46,CHF
2025-05-22,DE,412.45,EUR
2025-05-22,AT,140.31,EUR
2025-05-22,CH,60.36,CHF
2025-05-23,DE,467.92,EUR
2025-05-23,AT,132.93,EUR
2025-05-23,CH,141.94,CHF
2025-05-24,DE,498.92,EUR
2025-05-24,AT,131.46,EUR
2025-05-24,CH,101.06,CHF
2025-05-25,DE,469.39,EUR
2025-05-25,AT,205.38,EUR
2025-05-25,CH,123.85,CHF
2025-05-26,DE,487.59,EUR
2025-05-26,AT,131.54,EUR
2025-05-26,CH,53.16,CHF
2025-05-27,DE,344.62,EUR
2025-05-27,AT,102.84,EUR
2025-05-27,CH,85.45,CHF
2025-05-28,DE,375.33,EUR
2025-05-28,AT,135.12,EUR
2025-05-28,CH,103.27,CHF
2025-05-29,DE,450.57,EUR
2025-05-29,AT,136.47,EUR
2025-05-29,CH,130.33,CHF
2025-05-30,DE,623.54,EUR
2025-05-30,AT,63.44,EUR
2025-05-30,CH,158.45,CHF
2025-05-31,DE,664.42,EUR
2025-05-31,AT,148.33,EUR
2025-05-31,CH,107.15,CHF
2025-06-01,DE,513.79,EUR
2025-06-01,AT,181.36,EUR
2025-06-01,CH,129.89,CHF
2025-06-02,DE,330.8,EUR
2025-06-02,AT,95.6,EUR
2025-06-02,CH,78.31,CHF
2025-06-03,DE,298.39,EUR
2025-06-03,AT,85.24,EUR
2025-06-03,CH,66.26,CHF
2025-06-04,DE,383.44,EUR
2025-06-04,AT,120.01,EUR
2025-06-04,CH,56.5,CHF
2025-06-05,DE,345.62,EUR
2025-06-05,AT,154.82,EUR
2025-06-05,CH,127.87,CHF
2025-06-06,DE,356.31,EUR
2025-06-06,AT,130.35,EUR
2025-06-06,CH,79.93,CHF
2025-06-07,DE,471.29,EUR
2025-06-07,AT,194.49,EUR
2025-06-07,CH,51.65,CHF
2025-06-08,DE,538.58,EUR
2025-06-08,AT,138.69,EUR
2025-06-08,CH,99.38,CHF
2025-06-09,DE,392.94,EUR
2025-06-09,AT,73.51,EUR
2025-06-09,CH,77.11,CHF
2025-06-10,DE,379.8,EUR
2025-06-10,AT,133.93,EUR
2025-06-10,CH,118.77,CHF
2025-06-11,DE,263.36,EUR
2025-06-11,AT,111.74,EUR
2025-06-11,CH,86.01,CHF
2025-06-12,DE,371.53,EUR
2025-06-12,AT,171.9,EUR
2025-06-12,CH,116.0,CHF
2025-06-13,DE,434.35,EUR
2025-06-13,AT,144.17,EUR
2025-06-13,CH,105.44,CHF
2025-06-14,DE,635.34,EUR
2025-06-14,AT,136.11,EUR
2025-06-14,CH,118.72,CHF
2025-06-15,DE,596.62,EUR
2025-06-15,AT,259.65,EUR
2025-06-15,CH,106.3,CHF
2025-06-16,DE,340.07,EUR
2025-06-16,AT,157.27,EUR
2025-06-16,CH,51.08,CHF
2025-06-17,DE,384.2,EUR
2025-06-17,AT,134.65,EUR
2025-06-17,CH,67.68,CHF
2025-06-18,DE,459.27,EUR
2025-06-18,AT,91.9,EUR
2025-06-18,CH,39.79,CHF
2025-06-19,DE,397.2,EUR
2025-06-19,AT,164.69,EUR
2025-06-19,CH,101.52,CHF
2025-06-20,DE,425.79,EUR
2025-06-20,AT,187.14,EUR
2025-06-20,CH,76.32,CHF
2025-06-21,DE,535.5,EUR
2025-06-21,AT,157.48,EUR
2025-06-21,CH,103.84,CHF
2025-06-22,DE,540.53,EUR
2025-06-22,AT,172.27,EUR
2025-06-22,CH,127.72,CHF
2025-06-23,DE,291.62,EUR
2025-06-23,AT,85.23,EUR
2025-06-23,CH,70.27,CHF
2025-06-24,DE,453.24,EUR
2025-06-24,AT,62.17,EUR
2025-06-24,CH,88.68,CHF
2025-06-25,DE,343.3,EUR
2025-06-25,AT,116.84,EUR
2025-06-25,CH,85.37,CHF
2025-06-26,DE,500.67,EUR
2025-06-26,AT,97.04,EUR
2025-06-26,CH,152.39,CHF
2025-06-27,DE,431.34,EUR
2025-06-27,AT,71.9,EUR
2025-06-27,CH,77.27,CHF
2025-06-28,DE,610.9,EUR
2025-06-28,AT,248.12,EUR
2025-06-28,CH,60.98,CHF
2025-06-29,DE,620.22,EUR
2025-06-29,AT,178.3,EUR
2025-06-29,CH,162.57,CHF
2025-06-30,DE,398.21,EUR
2025-06-30,AT,122.21,EUR
2025-06-30,CH,71.71,CHF
2025-07-01,DE,292.15,EUR
2025-07-01,AT,104.12,EUR
2025-07-01,CH,81.46,CHF
2025-07-02,DE,403.19,EUR
2025-07-02,AT,104.41,EUR
2025-07-02,CH,61.42,CHF
2025-07-03,DE,425.9,EUR
2025-07-03,AT,122.11,EUR
2025-07-03,CH,57.53,CHF
2025-07-04,DE,393.21,EUR
2025-07-04,AT,69.81,EUR
2025-07-04,CH,71.05,CHF
2025-07-05,DE,536.16,EUR
2025-07-05,AT,137.37,EUR
2025-07-05,CH,79.49,CHF
2025-07-06,DE,609.08,EUR
2025-07-06,AT,131.02,EUR
2025-07-06,CH,142.01,CHF
2025-07-07,DE,357.29,EUR
2025-07-07,AT,110.63,EUR
2025-07-07,CH,51.06,CHF
2025-07-08,DE,334.81,EUR
2025-07-08,AT,164.21,EUR
2025-07-08,CH,24.07,CHF
2025-07-09,DE,381.58,EUR
2025-07-09,AT,151.75,EUR
2025-07-09,CH,64.43,CHF
2025-07-10,DE,447.45,EUR
2025-07-10,AT,118.19,EUR
2025-07-10,CH,76.95,CHF
2025-07-11,DE,390.28,EUR
2025-07-11,AT,157.13,EUR
2025-07-11,CH,69.44,CHF
2025-07-12,DE,494.32,EUR
2025-07-12,AT,113.62,EUR
2025-07-12,CH,66.21,CHF
2025-07-13,DE,528.64,EUR
2025-07-13,AT,99.76,EUR
2025-07-13,CH,118.86,CHF
2025-07-14,DE,394.24,EUR
2025-07-14,AT,149.14,EUR
2025-07-14,CH,114.79,CHF
2025-07-15,DE,612.19,EUR
2025-07-15,AT,239.79,EUR
2025-07-15,CH,53.66,CHF
2025-07-16,DE,569.64,EUR
2025-07-16,AT,138.61,EUR
2025-07-16,CH,162.94,CHF
2025-07-17,DE,660.38,EUR
2025-07-17,AT,200.74,EUR
2025-07-17,CH,103.97,CHF
2025-07-18,DE,480.46,EUR
2025-07-18,AT,171.13,EUR
2025-07-18,CH,145.29,CHF
2025-07-19,DE,983.7,EUR
2025-07-19,AT,215.23,EUR
2025-07-19,CH,165.48,CHF
2025-07-20,DE,846.85,EUR
2025-07-20,AT,264.93,EUR
2025-07-20,CH,97.75,CHF
2025-07-21,DE,473.37,EUR
2025-07-21,AT,189.81,EUR
2025-07-21,CH,97.21,CHF
2025-07-22,DE,520.13,EUR
2025-07-22,AT,90.73,EUR
2025-07-22,CH,95.07,CHF
2025-07-23,DE,668.11,EUR
2025-07-23,AT,240.18,EUR
2025-07-23,CH,132.13,CHF
2025-07-24,DE,646.81,EUR
2025-07-24,AT,227.07,EUR
2025-07-24,CH,92.11,CHF
2025-07-25,DE,558.1,EUR
2025-07-25,AT,174.61,EUR
2025-07-25,CH,203.27,CHF
2025-07-26,DE,1061.4,EUR
2025-07-26,AT,302.25,EUR
2025-07-26,CH,128.01,CHF
2025-07-27,DE,769.47,EUR
2025-07-27,AT,242.85,EUR
2025-07-27,CH,200.2,CHF
2025-07-28,DE,795.47,EUR
2025-07-28,AT,153.6,EUR
2025-07-28,CH,179.01,CHF
2025-07-29,DE,594.86,EUR
2025-07-29,AT,165.77,EUR
2025-07-29,CH,129.07,CHF
2025-07-30,DE,799.28,EUR
2025-07-30,AT,188.41,EUR
2025-07-30,CH,136.98,CHF
2025-07-31,DE,556.34,EUR
2025-07-31,AT,162.17,EUR
2025-07-31,CH,121.56,CHF
2025-08-01,DE,417.72,EUR
2025-08-01,AT,44.22,EUR
2025-08-01,CH,85.9,CHF
2025-08-02,DE,391.02,EUR
2025-08-02,AT,135.16,EUR
2025-08-02,CH,144.29,CHF
2025-08-03,DE,505.4,EUR
2025-08-03,AT,130.12,EUR
2025-08-03,CH,120.33,CHF
2025-08-04,DE,349.58,EUR
2025-08-04,AT,89.1,EUR
2025-08-04,CH,47.58,CHF
2025-08-05,DE,518.47,EUR
2025-08-05,AT,132.92,EUR
2025-08-05,CH,121.92,CHF
2025-08-06,DE,356.82,EUR
2025-08-06,AT,199.2,EUR
2025-08-06,CH,66.48,CHF
2025-08-07,DE,576.87,EUR
2025-08-07,AT,103.69,EUR
2025-08-07,CH,81.0,CHF
2025-08-08,DE,403.37,EUR
2025-08-08,AT,134.26,EUR
2025-08-08,CH,93.6,CHF
2025-08-09,DE,486.67,EUR
2025-08-09,AT,167.33,EUR
2025-08-09,CH,73.7,CHF
2025-08-10,DE,514.44,EUR
2025-08-10,AT,151.19,EUR
2025-08-10,CH,106.07,CHF
2025-08-11,DE,486.44,EUR
2025-08-11,AT,150.99,EUR
2025-08-11,CH,74.55,CHF
2025-08-12,DE,311.16,EUR
2025-08-12,AT,137.21,EUR
2025-08-12,CH,47.75,CHF
2025-08-13,DE,385.73,EUR
2025-08-13,AT,112.19,EUR
2025-08-13,CH,59.25,CHF
2025-08-14,DE,427.3,EUR
2025-08-14,AT,203.67,EUR
2025-08-14,CH,100.46,CHF
2025-08-15,DE,377.83,EUR
2025-08-15,AT,108.76,EUR
2025-08-15,CH,48.39,CHF
2025-08-16,DE,524.55,EUR
2025-08-16,AT,123.55,EUR
2025-08-16,CH,40.9,CHF
2025-08-17,DE,584.89,EUR
2025-08-17,AT,140.7,EUR
2025-08-17,CH,138.4,CHF
2025-08-18,DE,362.25,EUR
2025-08-18,AT,117.39,EUR
2025-08-18,CH,127.61,CHF
2025-08-19,DE,272.11,EUR
2025-08-19,AT,119.72,EUR
2025-08-19,CH,93.9,CHF
2025-08-20,DE,438.0,EUR
2025-08-20,AT,154.4,EUR
2025-08-20,CH,57.75,CHF
2025-08-21,DE,339.97,EUR
2025-08-21,AT,133.73,EUR
2025-08-21,CH,94.02,CHF
2025-08-22,DE,452.48,EUR
2025-08-22,AT,104.65,EUR
2025-08-22,CH,50.79,CHF
2025-08-23,DE,476.02,EUR
2025-08-23,AT,117.42,EUR
2025-08-23,CH,141.11,CHF
2025-08-24,DE,497.38,EUR
2025-08-24,AT,156.59,EUR
2025-08-24,CH,64.96,CHF
2025-08-25,DE,405.06,EUR
2025-08-25,AT,98.98,EUR
2025-08-25,CH,56.87,CHF
2025-08-26,DE,409.37,EUR
2025-08-26,AT,111.57,EUR
2025-08-26,CH,82.82,CHF
2025-08-27,DE,340.36,EUR
2025-08-27,AT,173.05,EUR
2025-08-27,CH,116.71,CHF
2025-08-28,DE,531.74,EUR
2025-08-28,AT,83.82,EUR
2025-08-28,CH,67.89,CHF
2025-08-29,DE,519.54,EUR
2025-08-29,AT,169.84,EUR
2025-08-29,CH,83.46,CHF
2025-08-30,DE,527.37,EUR
2025-08-30,AT,171.73,EUR
2025-08-30,CH,98.91,CHF
2025-08-31,DE,641.29,EUR
2025-08-31,AT,213.01,EUR
2025-08-31,CH,89.72,CHF
2025-09-01,DE,337.4,EUR
2025-09-01,AT,81.8,EUR
2025-09-01,CH,80.84,CHF
2025-09-02,DE,434.58,EUR
2025-09-02,AT,125.8,EUR
2025-09-02,CH,58.6,CHF
2025-09-03,DE,317.56,EUR
2025-09-03,AT,145.64,EUR
2025-09-03,CH,96.64,CHF
2025-09-04,DE,442.37,EUR
2025-09-04,AT,132.53,EUR
2025-09-04,CH,101.54,CHF
2025-09-05,DE,525.21,EUR
2025-09-05,AT,139.16,EUR
2025-09-05,CH,89.15,CHF
2025-09-06,DE,507.17,EUR
2025-09-06,AT,178.57,EUR
2025-09-06,CH,64.27,CHF
2025-09-07,DE,538.04,EUR
2025-09-07,AT,189.71,EUR
2025-09-07,CH,119.94,CHF
2025-09-08,DE,406.76,EUR
2025-09-08,AT,128.1,EUR
2025-09-08,CH,31.9,CHF
2025-09-09,DE,401.2,EUR
2025-09-09,AT,133.71,EUR
2025-09-09,CH,34.9,CHF
2025-09-10,DE,400.18,EUR
2025-09-10,AT,98.16,EUR
2025-09-10,CH,107.63,CHF
2025-09-11,DE,436.4,EUR
2025-09-11,AT,159.44,EUR
2025-09-11,CH,60.26,CHF
2025-09-12,DE,485.79,EUR
2025-09-12,AT,126.7,EUR
2025-09-12,CH,84.4,CHF
2025-09-13,DE,465.27,EUR
2025-09-13,AT,218.78,EUR
2025-09-13,CH,111.67,CHF
2025-09-14,DE,694.64,EUR
2025-09-14,AT,179.36,EUR
2025-09-14,CH,78.56,CHF
2025-09-15,DE,288.97,EUR
2025-09-15,AT,139.31,EUR
2025-09-15,CH,91.01,CHF
2025-09-16,DE,376.5,EUR
2025-09-16,AT,124.31,EUR
2025-09-16,CH,79.48,CHF
2025-09-17,DE,385.52,EUR
2025-09-17,AT,120.8,EUR
2025-09-17,CH,57.92,CHF
2025-09-18,DE,448.77,EUR
2025-09-18,AT,57.28,EUR
2025-09-18,CH,85.55,CHF
2025-09-19,DE,558.72,EUR
2025-09-19,AT,133.97,EUR
2025-09-19,CH,107.32,CHF
2025-09-20,DE,487.0,EUR
2025-09-20,AT,152.11,EUR
2025-09-20,CH,108.74,CHF
2025-09-21,DE,553.28,EUR
2025-09-21,AT,217.72,EUR
2025-09-21,CH,84.09,CHF
2025-09-22,DE,466.95,EUR
2025-09-22,AT,159.56,EUR
2025-09-22,CH,125.43,CHF
2025-09-23,DE,350.47,EUR
2025-09-23,AT,169.99,EUR
2025-09-23,CH,62.52,CHF
2025-09-24,DE,310.4,EUR
2025-09-24,AT,103.86,EUR
2025-09-24,CH,51.49,CHF
2025-09-25,DE,358.73,EUR
2025-09-25,AT,80.38,EUR
2025-09-25,CH,111.81,CHF
2025-09-26,DE,462.69,EUR
2025-09-26,AT,93.33,EUR
2025-09-26,CH,152.8,CHF
2025-09-27,DE,598.97,EUR
2025-09-27,AT,160.22,EUR
2025-09-27,CH,113.74,CHF
2025-09-28,DE,536.59,EUR
2025-09-28,AT,221.69,EUR
2025-09-28,CH,110.31,CHF
2025-09-29,DE,350.58,EUR
2025-09-29,AT,152.31,EUR
2025-09-29,CH,95.1,CHF
2025-09-30,DE,420.97,EUR
2025-09-30,AT,210.73,EUR
2025-09-30,CH,79.7,CHF
2025-10-01,DE,416.97,EUR
2025-10-01,AT,117.8,EUR
2025-10-01,CH,45.82,CHF
2025-10-02,DE,418.42,EUR
2025-10-02,AT,149.36,EUR
2025-10-02,CH,62.59,CHF
2025-10-03,DE,413.47,EUR
2025-10-03,AT,241.27,EUR
2025-10-03,CH,112.74,CHF
2025-10-04,DE,540.25,EUR
2025-10-04,AT,61.36,EUR
2025-10-04,CH,51.19,CHF
2025-10-05,DE,607.54,EUR
2025-10-05,AT,216.93,EUR
2025-10-05,CH,175.93,CHF
2025-10-06,DE,419.97,EUR
2025-10-06,AT,117.53,EUR
2025-10-06,CH,84.46,CHF
2025-10-07,DE,393.3,EUR
2025-10-07,AT,46.2,EUR
2025-10-07,CH,87.71,CHF
2025-10-08,DE,391.8,EUR
2025-10-08,AT,77.11,EUR
2025-10-08,CH,23.59,CHF
2025-10-09,DE,371.87,EUR
2025-10-09,AT,132.38,EUR
2025-10-09,CH,96.98,CHF
2025-10-10,DE,442.14,EUR
2025-10-10,AT,128.4,EUR
2025-10-10,CH,54.04,CHF
2025-10-11,DE,462.92,EUR
2025-10-11,AT,129.87,EUR
2025-10-11,CH,144.35,CHF
2025-10-12,DE,535.33,EUR
2025-10-12,AT,166.52,EUR
2025-10-12,CH,62.88,CHF
2025-10-13,DE,461.58,EUR
2025-10-13,AT,136.59,EUR
2025-10-13,CH,61.96,CHF
2025-10-14,DE,304.12,EUR
2025-10-14,AT,124.07,EUR
2025-10-14,CH,82.33,CHF
2025-10-15,DE,308.45,EUR
2025-10-15,AT,129.78,EUR
2025-10-15,CH,27.85,CHF
2025-10-16,DE,394.28,EUR
2025-10-16,AT,128.75,EUR
2025-10-16,CH,85.66,CHF
2025-10-17,DE,534.85,EUR
2025-10-17,AT,114.32,EUR
2025-10-17,CH,97.42,CHF
2025-10-18,DE,486.32,EUR
2025-10-18,AT,189.48,EUR
2025-10-18,CH,125.7,CHF
2025-10-19,DE,592.64,EUR
2025-10-19,AT,231.73,EUR
2025-10-19,CH,120.84,CHF
2025-10-20,DE,381.5,EUR
2025-10-20,AT,136.13,EUR
2025-10-20,CH,104.0,CHF
2025-10-21,DE,273.45,EUR
2025-10-21,AT,75.17,EUR
2025-10-21,CH,89.19,CHF
2025-10-22,DE,375.74,EUR
2025-10-22,AT,115.51,EUR
2025-10-22,CH,171.59,CHF
2025-10-23,DE,462.6,EUR
2025-10-23,AT,196.76,EUR
2025-10-23,CH,83.54,CHF
2025-10-24,DE,494.61,EUR
2025-10-24,AT,168.37,EUR
2025-10-24,CH,70.98,CHF
2025-10-25,DE,508.61,EUR
2025-10-25,AT,148.87,EUR
2025-10-25,CH,104.38,CHF
2025-10-26,DE,690.47,EUR
2025-10-26,AT,226.7,EUR
2025-10-26,CH,111.87,CHF
2025-10-27,DE,578.36,EUR
2025-10-27,AT,169.75,EUR
2025-10-27,CH,103.53,CHF
2025-10-28,DE,597.86,EUR
2025-10-28,AT,126.69,EUR
2025-10-28,CH,120.93,CHF
2025-10-29,DE,524.61,EUR
2025-10-29,AT,89.78,EUR
2025-10-29,CH,56.32,CHF
2025-10-30,DE,550.94,EUR
2025-10-30,AT,208.68,EUR
2025-10-30,CH,65.51,CHF
2025-10-31,DE,470.87,EUR
2025-10-31,AT,195.75,EUR
2025-10-31,CH,140.46,CHF
2025-11-01,DE,610.49,EUR
2025-11-01,AT,150.49,EUR
2025-11-01,CH,69.59,CHF
2025-11-02,DE,629.18,EUR
2025-11-02,AT,283.63,EUR
2025-11-02,CH,119.14,CHF
2025-11-03,DE,481.46,EUR
2025-11-03,AT,118.42,EUR
2025-11-03,CH,123.54,CHF
2025-11-04,DE,356.98,EUR
2025-11-04,AT,102.08,EUR
2025-11-04,CH,66.25,CHF
2025-11-05,DE,453.56,EUR
2025-11-05,AT,96.33,EUR
2025-11-05,CH,92.49,CHF
2025-11-06,DE,254.44,EUR
2025-11-06,AT,88.29,EUR
2025-11-06,CH,56.23,CHF
2025-11-07,DE,487.83,EUR
2025-11-07,AT,149.0,EUR
2025-11-07,CH,53.74,CHF
2025-11-08,DE,520.64,EUR
2025-11-08,AT,183.3,EUR
2025-11-08,CH,77.65,CHF
2025-11-09,DE,558.1,EUR
2025-11-09,AT,106.09,EUR
2025-11-09,CH,99.62,CHF
2025-11-10,DE,427.17,EUR
2025-11-10,AT,108.45,EUR
2025-11-10,CH,47.88,CHF
2025-11-11,DE,256.33,EUR
2025-11-11,AT,131.07,EUR
2025-11-11,CH,42.62,CHF
2025-11-12,DE,434.45,EUR
2025-11-12,AT,151.84,EUR
2025-11-12,CH,91.05,CHF
2025-11-13,DE,441.67,EUR
2025-11-13,AT,60.4,EUR
2025-11-13,CH,66.22,CHF
2025-11-14,DE,471.34,EUR
2025-11-14,AT,68.9,EUR
2025-11-14,CH,27.12,CHF
2025-11-15,DE,620.08,EUR
2025-11-15,AT,186.85,EUR
2025-11-15,CH,128.55,CHF
2025-11-16,DE,668.04,EUR
2025-11-16,AT,225.34,EUR
2025-11-16,CH,112.44,CHF
2025-11-17,DE,399.03,EUR
2025-11-17,AT,129.13,EUR
2025-11-17,CH,154.54,CHF
2025-11-18,DE,422.96,EUR
2025-11-18,AT,78.04,EUR
2025-11-18,CH,99.34,CHF
2025-11-19,DE,416.71,EUR
2025-11-19,AT,118.68,EUR
2025-11-19,CH,64.67,CHF
2025-11-20,DE,1425.12,EUR
2025-11-20,AT,498.88,EUR
2025-11-20,CH,276.28,CHF
2025-11-21,DE,1306.67,EUR
2025-11-21,AT,467.92,EUR
2025-11-21,CH,187.14,CHF
2025-11-22,DE,1573.18,EUR
2025-11-22,AT,662.53,EUR
2025-11-22,CH,346.26,CHF
2025-11-23,DE,1921.3,EUR
2025-11-23,AT,530.59,EUR
2025-11-23,CH,251.56,CHF
2025-11-24,DE,1616.36,EUR
2025-11-24,AT,343.09,EUR
2025-11-24,CH,262.51,CHF
2025-11-25,DE,1295.85,EUR
2025-11-25,AT,448.16,EUR
2025-11-25,CH,346.49,CHF
2025-11-26,DE,1374.19,EUR
2025-11-26,AT,420.08,EUR
2025-11-26,CH,211.1,CHF
2025-11-27,DE,1802.6,EUR
2025-11-27,AT,393.16,EUR
2025-11-27,CH,290.89,CHF
2025-11-28,DE,424.1,EUR
2025-11-28,AT,183.96,EUR
2025-11-28,CH,68.98,CHF
2025-11-29,DE,537.24,EUR
2025-11-29,AT,247.79,EUR
2025-11-29,CH,177.61,CHF
2025-11-30,DE,678.55,EUR
2025-11-30,AT,244.63,EUR
2025-11-30,CH,146.88,CHF
2025-12-01,DE,710.63,EUR
2025-12-01,AT,260.63,EUR
2025-12-01,CH,125.26,CHF
2025-12-02,DE,810.26,EUR
2025-12-02,AT,241.21,EUR
2025-12-02,CH,123.34,CHF
2025-12-03,DE,887.11,EUR
2025-12-03,AT,145.73,EUR
2025-12-03,CH,133.92,CHF
2025-12-04,DE,849.14,EUR
2025-12-04,AT,264.33,EUR
2025-12-04,CH,97.02,CHF
2025-12-05,DE,905.79,EUR
2025-12-05,AT,286.18,EUR
2025-12-05,CH,154.24,CHF
2025-12-06,DE,1095.42,EUR
2025-12-06,AT,304.04,EUR
2025-12-06,CH,175.08,CHF
2025-12-07,DE,1122.39,EUR
2025-12-07,AT,248.12,EUR
2025-12-07,CH,203.8,CHF
2025-12-08,DE,696.62,EUR
2025-12-08,AT,220.09,EUR
2025-12-08,CH,130.89,CHF
2025-12-09,DE,743.21,EUR
2025-12-09,AT,209.75,EUR
2025-12-09,CH,135.33,CHF
2025-12-10,DE,756.71,EUR
2025-12-10,AT,178.98,EUR
2025-12-10,CH,188.04,CHF
2025-12-11,DE,586.95,EUR
2025-12-11,AT,320.67,EUR
2025-12-11,CH,238.1,CHF
2025-12-12,DE,888.29,EUR
2025-12-12,AT,215.12,EUR
2025-12-12,CH,205.53,CHF
2025-12-13,DE,1052.64,EUR
2025-12-13,AT,298.36,EUR
2025-12-13,CH,136.28,CHF
2025-12-14,DE,1049.87,EUR
2025-12-14,AT,364.08,EUR
2025-12-14,CH,153.21,CHF
2025-12-15,DE,799.7,EUR
2025-12-15,AT,202.34,EUR
2025-12-15,CH,151.56,CHF
2025-12-16,DE,423.68,EUR
2025-12-16,AT,100.67,EUR
2025-12-16,CH,71.05,CHF
2025-12-17,DE,441.55,EUR
2025-12-17,AT,158.66,EUR
2025-12-17,CH,93.51,CHF
2025-12-18,DE,444.09,EUR
2025-12-18,AT,141.2,EUR
2025-12-18,CH,70.07,CHF
2025-12-19,DE,479.99,EUR
2025-12-19,AT,147.78,EUR
2025-12-19,CH,92.25,CHF
2025-12-20,DE,492.99,EUR
2025-12-20,AT,128.07,EUR
2025-12-20,CH,56.27,CHF
2025-12-21,DE,712.41,EUR
2025-12-21,AT,214.64,EUR
2025-12-21,CH,171.73,CHF
2025-12-22,DE,402.55,EUR
2025-12-22,AT,155.44,EUR
2025-12-22,CH,152.87,CHF
2025-12-23,DE,383.32,EUR
2025-12-23,AT,136.41,EUR
2025-12-23,CH,109.41,CHF
2025-12-24,DE,68.43,EUR
2025-12-24,AT,15.12,EUR
2025-12-24,CH,12.34,CHF
2025-12-25,DE,72.38,EUR
2025-12-25,AT,7.42,EUR
2025-12-25,CH,7.64,CHF
2025-12-26,DE,93.56,EUR
2025-12-26,AT,20.6,EUR
2025-12-26,CH,31.26,CHF
2025-12-27,DE,491.46,EUR
2025-12-27,AT,193.2,EUR
2025-12-27,CH,96.28,CHF
2025-12-28,DE,666.53,EUR
2025-12-28,AT,233.85,EUR
2025-12-28,CH,151.99,CHF
2025-12-29,DE,589.53,EUR
2025-12-29,AT,161.73,EUR
2025-12-29,CH,80.2,CHF
2025-12-30,DE,561.61,EUR
2025-12-30,AT,133.73,EUR
2025-12-30,CH,120.67,CHF
2025-12-31,DE,420.73,EUR
2025-12-31,AT,145.53,EUR
2025-12-31,CH,61.03,CHF
