product_id,product_name,category,price_tier,base_retail_price,valid_from,valid_to,is_current
10000,Bekleidung Model 0,Bekleidung,mid,99.99,2024-01-01,2024-05-01,false
10000,Bekleidung Model 0,Bekleidung,premium,126.88,2024-05-01,2026-02-16,false
10000,Bekleidung Model 0,Bekleidung,mid,99.99,2026-02-16,9999-12-31,true
10001,Schuhe Model 1,Schuhe,premium,310.47,2024-01-01,2025-10-01,false
10001,Schuhe Model 1,Schuhe,mid,262.68,2025-10-01,2026-02-16,false
10001,Schuhe Model 1,Schuhe,premium,310.47,2026-02-16,9999-12-31,true
10002,Schuhe Model 2,Schuhe,premium,195.43,2024-01-01,2024-10-01,false
10002,Schuhe Model 2,Schuhe,mid,164.58,2024-10-01,2026-02-16,false
10002,Schuhe Model 2,Schuhe,premium,195.43,2026-02-16,9999-12-31,true
10003,Bekleidung Model 3,Bekleidung,budget,57.62,2024-01-01,2024-05-01,false
10003,Bekleidung Model 3,Bekleidung,mid,73.67,2024-05-01,2026-02-16,false
10003,Bekleidung Model 3,Bekleidung,budget,57.62,2026-02-16,9999-12-31,true
10004,Ausrüstung Model 4,Ausrüstung,budget,79.13,2024-01-01,9999-12-31,true
10005,Ausrüstung Model 5,Ausrüstung,premium,209.42,2024-01-01,2024-10-01,false
10005,Ausrüstung Model 5,Ausrüstung,mid,175.48,2024-10-01,2026-02-16,false
10005,Ausrüstung Model 5,Ausrüstung,premium,209.42,2026-02-16,9999-12-31,true
10006,Ausrüstung Model 6,Ausrüstung,budget,58.9,2024-01-01,9999-12-31,true
10007,Schuhe Model 7,Schuhe,premium,303.61,2024-01-01,9999-12-31,true
10008,Bekleidung Model 8,Bekleidung,mid,165.28,2024-01-01,9999-12-31,true
10009,Schuhe Model 9,Schuhe,mid,96.1,2024-01-01,2025-05-01,false
10009,Schuhe Model 9,Schuhe,premium,119.72,2025-05-01,2026-02-16,false
10009,Schuhe Model 9,Schuhe,mid,96.1,2026-02-16,9999-12-31,true
10010,Ausrüstung Model 10,Ausrüstung,budget,44.74,2024-01-01,9999-12-31,true
10011,Schuhe Model 11,Schuhe,premium,239.11,2024-01-01,2024-05-01,false
10011,Schuhe Model 11,Schuhe,mid,194.85,2024-05-01,2026-02-16,false
10011,Schuhe Model 11,Schuhe,premium,239.11,2026-02-16,9999-12-31,true
10012,Schuhe Model 12,Schuhe,mid,114.75,2024-01-01,2025-05-01,false
10012,Schuhe Model 12,Schuhe,premium,141.15,2025-05-01,2026-02-16,false
10012,Schuhe Model 12,Schuhe,mid,114.75,2026-02-16,9999-12-31,true
10013,Ausrüstung Model 13,Ausrüstung,premium,353.0,2024-01-01,9999-12-31,true
10014,Ausrüstung Model 14,Ausrüstung,budget,48.61,2024-01-01,9999-12-31,true
10015,Ausrüstung Model 15,Ausrüstung,mid,97.56,2024-01-01,9999-12-31,true
10016,Bekleidung Model 16,Bekleidung,mid,81.71,2024-01-01,2025-10-01,false
10016,Bekleidung Model 16,Bekleidung,premium,101.96,2025-10-01,2026-02-16,false
10016,Bekleidung Model 16,Bekleidung,mid,81.71,2026-02-16,9999-12-31,true
10017,Bekleidung Model 17,Bekleidung,mid,83.78,2024-01-01,9999-12-31,true
10018,Bekleidung Model 18,Bekleidung,budget,62.18,2024-01-01,2024-05-01,false
10018,Bekleidung Model 18,Bekleidung,mid,80.74,2024-05-01,2026-02-16,false
10018,Bekleidung Model 18,Bekleidung,budget,62.18,2026-02-16,9999-12-31,true
10019,Ausrüstung Model 19,Ausrüstung,premium,229.52,2024-01-01,2025-10-01,false
10019,Ausrüstung Model 19,Ausrüstung,mid,186.04,2025-10-01,2026-02-16,false
10019,Ausrüstung Model 19,Ausrüstung,premium,229.52,2026-02-16,9999-12-31,true
10020,Bekleidung Model 20,Bekleidung,budget,42.92,2024-01-01,9999-12-31,true
10021,Ausrüstung Model 21,Ausrüstung,mid,134.33,2024-01-01,9999-12-31,true
10022,Ausrüstung Model 22,Ausrüstung,mid,161.45,2024-01-01,2025-05-01,false
10022,Ausrüstung Model 22,Ausrüstung,premium,194.46,2025-05-01,2026-02-16,false
10022,Ausrüstung Model 22,Ausrüstung,mid,161.45,2026-02-16,9999-12-31,true
10023,Bekleidung Model 23,Bekleidung,mid,110.9,2024-01-01,2025-10-01,false
10023,Bekleidung Model 23,Bekleidung,premium,140.03,2025-10-01,2026-02-16,false
10023,Bekleidung Model 23,Bekleidung,mid,110.9,2026-02-16,9999-12-31,true
10024,Bekleidung Model 24,Bekleidung,mid,124.83,2024-01-01,9999-12-31,true
10025,Schuhe Model 25,Schuhe,budget,69.25,2024-01-01,9999-12-31,true
10026,Ausrüstung Model 26,Ausrüstung,budget,50.71,2024-01-01,9999-12-31,true
10027,Bekleidung Model 27,Bekleidung,mid,175.32,2024-01-01,9999-12-31,true
10028,Bekleidung Model 28,Bekleidung,mid,99.42,2024-01-01,9999-12-31,true
10029,Ausrüstung Model 29,Ausrüstung,mid,87.89,2024-01-01,2025-05-01,false
10029,Ausrüstung Model 29,Ausrüstung,budget,70.46,2025-05-01,2026-02-16,false
10029,Ausrüstung Model 29,Ausrüstung,mid,87.89,2026-02-16,9999-12-31,true
10030,Bekleidung Model 30,Bekleidung,premium,206.58,2024-01-01,2025-05-01,false
10030,Bekleidung Model 30,Bekleidung,mid,171.71,2025-05-01,2026-02-16,false
10030,Bekleidung Model 30,Bekleidung,premium,206.58,2026-02-16,9999-12-31,true
10031,Ausrüstung Model 31,Ausrüstung,mid,160.93,2024-01-01,2024-10-01,false
10031,Ausrüstung Model 31,Ausrüstung,premium,196.03,2024-10-01,2026-02-16,false
10031,Ausrüstung Model 31,Ausrüstung,mid,160.93,2026-02-16,9999-12-31,true
10032,Ausrüstung Model 32,Ausrüstung,premium,338.83,2024-01-01,2025-10-01,false
10032,Ausrüstung Model 32,Ausrüstung,mid,279.05,2025-10-01,2026-02-16,false
10032,Ausrüstung Model 32,Ausrüstung,premium,338.83,2026-02-16,9999-12-31,true
10033,Schuhe Model 33,Schuhe,mid,125.68,2024-01-01,9999-12-31,true
10034,Schuhe Model 34,Schuhe,premium,340.49,2024-01-01,2024-05-01,false
10034,Schuhe Model 34,Schuhe,mid,274.67,2024-05-01,2026-02-16,false
10034,Schuhe Model 34,Schuhe,premium,340.49,2026-02-16,9999-12-31,true
10035,Schuhe Model 35,Schuhe,premium,292.27,2024-01-01,2025-05-01,false
10035,Schuhe Model 35,Schuhe,mid,242.54,2025-05-01,2026-02-16,false
10035,Schuhe Model 35,Schuhe,premium,292.27,2026-02-16,9999-12-31,true
10036,Bekleidung Model 36,Bekleidung,budget,70.15,2024-01-01,9999-12-31,true
10037,Ausrüstung Model 37,Ausrüstung,premium,292.98,2024-01-01,2024-10-01,false
10037,Ausrüstung Model 37,Ausrüstung,mid,245.71,2024-10-01,2026-02-16,false
10037,Ausrüstung Model 37,Ausrüstung,premium,292.98,2026-02-16,9999-12-31,true
10038,Bekleidung Model 38,Bekleidung,mid,119.97,2024-01-01,9999-12-31,true
10039,Bekleidung Model 39,Bekleidung,premium,185.15,2024-01-01,2024-10-01,false
10039,Bekleidung Model 39,Bekleidung,mid,153.98,2024-10-01,2026-02-16,false
10039,Bekleidung Model 39,Bekleidung,premium,185.15,2026-02-16,9999-12-31,true
10040,Ausrüstung Model 40,Ausrüstung,budget,75.53,2024-01-01,9999-12-31,true
10041,Bekleidung Model 41,Bekleidung,mid,122.93,2024-01-01,2025-10-01,false
10041,Bekleidung Model 41,Bekleidung,premium,148.62,2025-10-01,2026-02-16,false
10041,Bekleidung Model 41,Bekleidung,mid,122.93,2026-02-16,9999-12-31,true
10042,Ausrüstung Model 42,Ausrüstung,premium,311.34,2024-01-01,2025-05-01,false
10042,Ausrüstung Model 42,Ausrüstung,mid,260.75,2025-05-01,2026-02-16,false
10042,Ausrüstung Model 42,Ausrüstung,premium,311.34,2026-02-16,9999-12-31,true
10043,Schuhe Model 43,Schuhe,budget,50.43,2024-01-01,9999-12-31,true
10044,Ausrüstung Model 44,Ausrüstung,budget,64.83,2024-01-01,9999-12-31,true
10045,Bekleidung Model 45,Bekleidung,budget,23.96,2024-01-01,9999-12-31,true
10046,Bekleidung Model 46,Bekleidung,budget,69.29,2024-01-01,9999-12-31,true
10047,Bekleidung Model 47,Bekleidung,mid,125.28,2024-01-01,2025-05-01,false
10047,Bekleidung Model 47,Bekleidung,premium,161.27,2025-05-01,2026-02-16,false
10047,Bekleidung Model 47,Bekleidung,mid,125.28,2026-02-16,9999-12-31,true
10048,Bekleidung Model 48,Bekleidung,premium,200.62,2024-01-01,9999-12-31,true
10049,Ausrüstung Model 49,Ausrüstung,mid,156.31,2024-01-01,9999-12-31,true
10050,Schuhe Model 50,Schuhe,premium,274.32,2024-01-01,2025-10-01,false
10050,Schuhe Model 50,Schuhe,mid,229.89,2025-10-01,2026-02-16,false
10050,Schuhe Model 50,Schuhe,premium,274.32,2026-02-16,9999-12-31,true
10051,Schuhe Model 51,Schuhe,budget,60.94,2024-01-01,2025-05-01,false
10051,Schuhe Model 51,Schuhe,mid,74.18,2025-05-01,2026-02-16,false
10051,Schuhe Model 51,Schuhe,budget,60.94,2026-02-16,9999-12-31,true
10052,Schuhe Model 52,Schuhe,budget,51.85,2024-01-01,2024-10-01,false
10052,Schuhe Model 52,Schuhe,mid,66.89,2024-10-01,2026-02-16,false
10052,Schuhe Model 52,Schuhe,budget,51.85,2026-02-16,9999-12-31,true
10053,Schuhe Model 53,Schuhe,mid,118.18,2024-01-01,9999-12-31,true
10054,Bekleidung Model 54,Bekleidung,mid,102.56,2024-01-01,9999-12-31,true
10055,Schuhe Model 55,Schuhe,mid,119.54,2024-01-01,2024-05-01,false
10055,Schuhe Model 55,Schuhe,premium,153.03,2024-05-01,2026-02-16,false
10055,Schuhe Model 55,Schuhe,mid,119.54,2026-02-16,9999-12-31,true
10056,Ausrüstung Model 56,Ausrüstung,budget,34.91,2024-01-01,9999-12-31,true
10057,Ausrüstung Model 57,Ausrüstung,mid,139.44,2024-01-01,2024-10-01,false
10057,Ausrüstung Model 57,Ausrüstung,premium,174.32,2024-10-01,2026-02-16,false
10057,Ausrüstung Model 57,Ausrüstung,mid,139.44,2026-02-16,9999-12-31,true
10058,Ausrüstung Model 58,Ausrüstung,budget,59.55,2024-01-01,9999-12-31,true
10059,Bekleidung Model 59,Bekleidung,mid,121.73,2024-01-01,2024-10-01,false
10059,Bekleidung Model 59,Bekleidung,budget,103.45,2024-10-01,2026-02-16,false
10059,Bekleidung Model 59,Bekleidung,mid,121.73,2026-02-16,9999-12-31,true
10060,Bekleidung Model 60,Bekleidung,mid,101.49,2024-01-01,2025-05-01,false
10060,Bekleidung Model 60,Bekleidung,budget,83.23,2025-05-01,2026-02-16,false
10060,Bekleidung Model 60,Bekleidung,mid,101.49,2026-02-16,9999-12-31,true
10061,Ausrüstung Model 61,Ausrüstung,budget,76.87,2024-01-01,2024-05-01,false
10061,Ausrüstung Model 61,Ausrüstung,mid,92.67,2024-05-01,2026-02-16,false
10061,Ausrüstung Model 61,Ausrüstung,budget,76.87,2026-02-16,9999-12-31,true
10062,Schuhe Model 62,Schuhe,mid,93.98,2024-01-01,9999-12-31,true
10063,Bekleidung Model 63,Bekleidung,budget,43.14,2024-01-01,9999-12-31,true
10064,Ausrüstung Model 64,Ausrüstung,mid,142.04,2024-01-01,9999-12-31,true
10065,Bekleidung Model 65,Bekleidung,mid,144.47,2024-01-01,9999-12-31,true
10066,Ausrüstung Model 66,Ausrüstung,budget,74.44,2024-01-01,2025-10-01,false
10066,Ausrüstung Model 66,Ausrüstung,mid,93.84,2025-10-01,2026-02-16,false
10066,Ausrüstung Model 66,Ausrüstung,budget,74.44,2026-02-16,9999-12-31,true
10067,Schuhe Model 67,Schuhe,mid,156.34,2024-01-01,2024-10-01,false
10067,Schuhe Model 67,Schuhe,budget,132.82,2024-10-01,2026-02-16,false
10067,Schuhe Model 67,Schuhe,mid,156.34,2026-02-16,9999-12-31,true
10068,Ausrüstung Model 68,Ausrüstung,mid,102.39,2024-01-01,9999-12-31,true
10069,Schuhe Model 69,Schuhe,mid,81.74,2024-01-01,9999-12-31,true
10070,Schuhe Model 70,Schuhe,mid,115.18,2024-01-01,2025-10-01,false
10070,Schuhe Model 70,Schuhe,premium,142.62,2025-10-01,2026-02-16,false
10070,Schuhe Model 70,Schuhe,mid,115.18,2026-02-16,9999-12-31,true
10071,Ausrüstung Model 71,Ausrüstung,budget,71.9,2024-01-01,2024-05-01,false
10071,Ausrüstung Model 71,Ausrüstung,mid,93.3,2024-05-01,2026-02-16,false
10071,Ausrüstung Model 71,Ausrüstung,budget,71.9,2026-02-16,9999-12-31,true
10072,Ausrüstung Model 72,Ausrüstung,mid,100.73,2024-01-01,9999-12-31,true
10073,Schuhe Model 73,Schuhe,budget,66.76,2024-01-01,9999-12-31,true
10074,Schuhe Model 74,Schuhe,premium,324.52,2024-01-01,9999-12-31,true
10075,Schuhe Model 75,Schuhe,mid,123.67,2024-01-01,9999-12-31,true
10076,Schuhe Model 76,Schuhe,mid,85.64,2024-01-01,2025-05-01,false
10076,Schuhe Model 76,Schuhe,budget,70.32,2025-05-01,2026-02-16,false
10076,Schuhe Model 76,Schuhe,mid,85.64,2026-02-16,9999-12-31,true
10077,Ausrüstung Model 77,Ausrüstung,mid,172.39,2024-01-01,2024-05-01,false
10077,Ausrüstung Model 77,Ausrüstung,premium,218.27,2024-05-01,2026-02-16,false
10077,Ausrüstung Model 77,Ausrüstung,mid,172.39,2026-02-16,9999-12-31,true
10078,Bekleidung Model 78,Bekleidung,budget,76.14,2024-01-01,2024-10-01,false
10078,Bekleidung Model 78,Bekleidung,mid,96.57,2024-10-01,2026-02-16,false
10078,Bekleidung Model 78,Bekleidung,budget,76.14,2026-02-16,9999-12-31,true
10079,Ausrüstung Model 79,Ausrüstung,mid,127.14,2024-01-01,2024-10-01,false
10079,Ausrüstung Model 79,Ausrüstung,premium,164.58,2024-10-01,2026-02-16,false
10079,Ausrüstung Model 79,Ausrüstung,mid,127.14,2026-02-16,9999-12-31,true
10080,Schuhe Model 80,Schuhe,mid,165.19,2024-01-01,2024-05-01,false
10080,Schuhe Model 80,Schuhe,premium,214.72,2024-05-01,2026-02-16,false
10080,Schuhe Model 80,Schuhe,mid,165.19,2026-02-16,9999-12-31,true
10081,Bekleidung Model 81,Bekleidung,mid,128.32,2024-01-01,9999-12-31,true
10082,Bekleidung Model 82,Bekleidung,budget,59.25,2024-01-01,9999-12-31,true
10083,Ausrüstung Model 83,Ausrüstung,mid,99.18,2024-01-01,9999-12-31,true
10084,Bekleidung Model 84,Bekleidung,budget,69.06,2024-01-01,9999-12-31,true
10085,Bekleidung Model 85,Bekleidung,budget,20.47,2024-01-01,9999-12-31,true
10086,Schuhe Model 86,Schuhe,budget,56.96,2024-01-01,9999-12-31,true
10087,Bekleidung Model 87,Bekleidung,premium,184.96,2024-01-01,9999-12-31,true
10088,Schuhe Model 88,Schuhe,premium,276.58,2024-01-01,9999-12-31,true
10089,Bekleidung Model 89,Bekleidung,budget,70.15,2024-01-01,9999-12-31,true
10090,Ausrüstung Model 90,Ausrüstung,premium,222.2,2024-01-01,9999-12-31,true
10091,Schuhe Model 91,Schuhe,mid,141.97,2024-01-01,2024-10-01,false
10091,Schuhe Model 91,Schuhe,premium,177.19,2024-10-01,2026-02-16,false
10091,Schuhe Model 91,Schuhe,mid,141.97,2026-02-16,9999-12-31,true
10092,Schuhe Model 92,Schuhe,premium,566.48,2024-01-01,2025-10-01,false
10092,Schuhe Model 92,Schuhe,mid,463.88,2025-10-01,2026-02-16,false
10092,Schuhe Model 92,Schuhe,premium,566.48,2026-02-16,9999-12-31,true
10093,Bekleidung Model 93,Bekleidung,mid,159.45,2024-01-01,9999-12-31,true
10094,Schuhe Model 94,Schuhe,mid,113.98,2024-01-01,2024-05-01,false
10094,Schuhe Model 94,Schuhe,premium,142.64,2024-05-01,2026-02-16,false
10094,Schuhe Model 94,Schuhe,mid,113.98,2026-02-16,9999-12-31,true
10095,Bekleidung Model 95,Bekleidung,budget,45.91,2024-01-01,9999-12-31,true
10096,Bekleidung Model 96,Bekleidung,budget,31.07,2024-01-01,9999-12-31,true
10097,Bekleidung Model 97,Bekleidung,mid,92.03,2024-01-01,9999-12-31,true
10098,Ausrüstung Model 98,Ausrüstung,mid,87.41,2024-01-01,2024-05-01,false
10098,Ausrüstung Model 98,Ausrüstung,premium,107.33,2024-05-01,2026-02-16,false
10098,Ausrüstung Model 98,Ausrüstung,mid,87.41,2026-02-16,9999-12-31,true
10099,Ausrüstung Model 99,Ausrüstung,budget,54.84,2024-01-01,9999-12-31,true
10100,Ausrüstung Model 100,Ausrüstung,mid,94.39,2024-01-01,9999-12-31,true
10101,Bekleidung Model 101,Bekleidung,budget,42.57,2024-01-01,9999-12-31,true
10102,Bekleidung Model 102,Bekleidung,premium,224.14,2024-01-01,2025-05-01,false
10102,Bekleidung Model 102,Bekleidung,mid,189.34,2025-05-01,2026-02-16,false
10102,Bekleidung Model 102,Bekleidung,premium,224.14,2026-02-16,9999-12-31,true
10103,Bekleidung Model 103,Bekleidung,mid,138.24,2024-01-01,9999-12-31,true
10104,Schuhe Model 104,Schuhe,mid,121.03,2024-01-01,9999-12-31,true
10105,Ausrüstung Model 105,Ausrüstung,premium,418.2,2024-01-01,9999-12-31,true
10106,Bekleidung Model 106,Bekleidung,mid,85.32,2024-01-01,9999-12-31,true
10107,Schuhe Model 107,Schuhe,budget,78.99,2024-01-01,9999-12-31,true
10108,Ausrüstung Model 108,Ausrüstung,premium,431.03,2024-01-01,2025-05-01,false
10108,Ausrüstung Model 108,Ausrüstung,mid,352.2,2025-05-01,2026-02-16,false
10108,Ausrüstung Model 108,Ausrüstung,premium,431.03,2026-02-16,9999-12-31,true
10109,Ausrüstung Model 109,Ausrüstung,premium,216.42,2024-01-01,9999-12-31,true
10110,Ausrüstung Model 110,Ausrüstung,budget,71.8,2024-01-01,9999-12-31,true
10111,Ausrüstung Model 111,Ausrüstung,mid,129.9,2024-01-01,9999-12-31,true
10112,Schuhe Model 112,Schuhe,budget,78.43,2024-01-01,9999-12-31,true
10113,Schuhe Model 113,Schuhe,budget,60.86,2024-01-01,9999-12-31,true
10114,Bekleidung Model 114,Bekleidung,mid,141.98,2024-01-01,9999-12-31,true
10115,Schuhe Model 115,Schuhe,premium,315.67,2024-01-01,9999-12-31,true
10116,Schuhe Model 116,Schuhe,budget,60.38,2024-01-01,9999-12-31,true
10117,Ausrüstung Model 117,Ausrüstung,premium,220.1,2024-01-01,9999-12-31,true
10118,Schuhe Model 118,Schuhe,mid,87.77,2024-01-01,9999-12-31,true
10119,Bekleidung Model 119,Bekleidung,budget,60.81,2024-01-01,2024-05-01,false
10119,Bekleidung Model 119,Bekleidung,mid,76.93,2024-05-01,2026-02-16,false
10119,Bekleidung Model 119,Bekleidung,budget,60.81,2026-02-16,9999-12-31,true
10120,Schuhe Model 120,Schuhe,mid,90.36,2024-01-01,2025-10-01,false
10120,Schuhe Model 120,Schuhe,budget,72.87,2025-10-01,2026-02-16,false
10120,Schuhe Model 120,Schuhe,mid,90.36,2026-02-16,9999-12-31,true
10121,Schuhe Model 121,Schuhe,budget,78.89,2024-01-01,2024-05-01,false
10121,Schuhe Model 121,Schuhe,mid,94.85,2024-05-01,2026-02-16,false
10121,Schuhe Model 121,Schuhe,budget,78.89,2026-02-16,9999-12-31,true
10122,Bekleidung Model 122,Bekleidung,mid,83.86,2024-01-01,2025-10-01,false
10122,Bekleidung Model 122,Bekleidung,budget,67.74,2025-10-01,2026-02-16,false
10122,Bekleidung Model 122,Bekleidung,mid,83.86,2026-02-16,9999-12-31,true
10123,Ausrüstung Model 123,Ausrüstung,mid,82.96,2024-01-01,9999-12-31,true
10124,Ausrüstung Model 124,Ausrüstung,mid,179.35,2024-01-01,9999-12-31,true
10125,Bekleidung Model 125,Bekleidung,budget,79.03,2024-01-01,9999-12-31,true
10126,Schuhe Model 126,Schuhe,mid,107.83,2024-01-01,2025-10-01,false
10126,Schuhe Model 126,Schuhe,premium,134.82,2025-10-01,2026-02-16,false
10126,Schuhe Model 126,Schuhe,mid,107.83,2026-02-16,9999-12-31,true
10127,Schuhe Model 127,Schuhe,budget,77.19,2024-01-01,9999-12-31,true
10128,Ausrüstung Model 128,Ausrüstung,mid,99.11,2024-01-01,2025-05-01,false
10128,Ausrüstung Model 128,Ausrüstung,budget,82.75,2025-05-01,2026-02-16,false
10128,Ausrüstung Model 128,Ausrüstung,mid,99.11,2026-02-16,9999-12-31,true
10129,Bekleidung Model 129,Bekleidung,mid,128.15,2024-01-01,9999-12-31,true
10130,Bekleidung Model 130,Bekleidung,mid,110.01,2024-01-01,9999-12-31,true
10131,Ausrüstung Model 131,Ausrüstung,budget,74.87,2024-01-01,2024-05-01,false
10131,Ausrüstung Model 131,Ausrüstung,mid,94.59,2024-05-01,2026-02-16,false
10131,Ausrüstung Model 131,Ausrüstung,budget,74.87,2026-02-16,9999-12-31,true
10132,Ausrüstung Model 132,Ausrüstung,mid,159.1,2024-01-01,2024-10-01,false
10132,Ausrüstung Model 132,Ausrüstung,budget,132.07,2024-10-01,2026-02-16,false
10132,Ausrüstung Model 132,Ausrüstung,mid,159.1,2026-02-16,9999-12-31,true
10133,Bekleidung Model 133,Bekleidung,mid,127.85,2024-01-01,9999-12-31,true
10134,Schuhe Model 134,Schuhe,budget,52.74,2024-01-01,9999-12-31,true
10135,Bekleidung Model 135,Bekleidung,mid,112.85,2024-01-01,9999-12-31,true
10136,Bekleidung Model 136,Bekleidung,budget,54.73,2024-01-01,9999-12-31,true
10137,Schuhe Model 137,Schuhe,mid,161.63,2024-01-01,9999-12-31,true
10138,Bekleidung Model 138,Bekleidung,budget,51.52,2024-01-01,9999-12-31,true
10139,Schuhe Model 139,Schuhe,budget,49.28,2024-01-01,9999-12-31,true
10140,Schuhe Model 140,Schuhe,budget,53.85,2024-01-01,2025-10-01,false
10140,Schuhe Model 140,Schuhe,mid,65.01,2025-10-01,2026-02-16,false
10140,Schuhe Model 140,Schuhe,budget,53.85,2026-02-16,9999-12-31,true
10141,Ausrüstung Model 141,Ausrüstung,mid,153.49,2024-01-01,9999-12-31,true
10142,Bekleidung Model 142,Bekleidung,mid,95.19,2024-01-01,2024-10-01,false
10142,Bekleidung Model 142,Bekleidung,premium,119.32,2024-10-01,2026-02-16,false
10142,Bekleidung Model 142,Bekleidung,mid,95.19,2026-02-16,9999-12-31,true
10143,Bekleidung Model 143,Bekleidung,budget,47.34,2024-01-01,9999-12-31,true
10144,Ausrüstung Model 144,Ausrüstung,premium,232.06,2024-01-01,9999-12-31,true
10145,Ausrüstung Model 145,Ausrüstung,budget,46.38,2024-01-01,9999-12-31,true
10146,Bekleidung Model 146,Bekleidung,budget,78.28,2024-01-01,2024-10-01,false
10146,Bekleidung Model 146,Bekleidung,mid,96.82,2024-10-01,2026-02-16,false
10146,Bekleidung Model 146,Bekleidung,budget,78.28,2026-02-16,9999-12-31,true
10147,Bekleidung Model 147,Bekleidung,budget,39.39,2024-01-01,9999-12-31,true
10148,Ausrüstung Model 148,Ausrüstung,mid,94.04,2024-01-01,9999-12-31,true
10149,Ausrüstung Model 149,Ausrüstung,mid,153.42,2024-01-01,9999-12-31,true
10150,Schuhe Model 150,Schuhe,budget,79.03,2024-01-01,9999-12-31,true
10151,Ausrüstung Model 151,Ausrüstung,mid,113.39,2024-01-01,2024-05-01,false
10151,Ausrüstung Model 151,Ausrüstung,premium,143.88,2024-05-01,2026-02-16,false
10151,Ausrüstung Model 151,Ausrüstung,mid,113.39,2026-02-16,9999-12-31,true
10152,Ausrüstung Model 152,Ausrüstung,premium,300.19,2024-01-01,9999-12-31,true
10153,Bekleidung Model 153,Bekleidung,budget,57.62,2024-01-01,9999-12-31,true
10154,Schuhe Model 154,Schuhe,premium,184.54,2024-01-01,2024-10-01,false
10154,Schuhe Model 154,Schuhe,mid,150.36,2024-10-01,2026-02-16,false
10154,Schuhe Model 154,Schuhe,premium,184.54,2026-02-16,9999-12-31,true
10155,Ausrüstung Model 155,Ausrüstung,budget,67.3,2024-01-01,2024-05-01,false
10155,Ausrüstung Model 155,Ausrüstung,mid,83.75,2024-05-01,2026-02-16,false
10155,Ausrüstung Model 155,Ausrüstung,budget,67.3,2026-02-16,9999-12-31,true
10156,Bekleidung Model 156,Bekleidung,mid,111.93,2024-01-01,2024-10-01,false
10156,Bekleidung Model 156,Bekleidung,premium,136.39,2024-10-01,2026-02-16,false
10156,Bekleidung Model 156,Bekleidung,mid,111.93,2026-02-16,9999-12-31,true
10157,Schuhe Model 157,Schuhe,premium,249.83,2024-01-01,2024-05-01,false
10157,Schuhe Model 157,Schuhe,mid,202.15,2024-05-01,2026-02-16,false
10157,Schuhe Model 157,Schuhe,premium,249.83,2026-02-16,9999-12-31,true
10158,Ausrüstung Model 158,Ausrüstung,budget,26.31,2024-01-01,9999-12-31,true
10159,Schuhe Model 159,Schuhe,mid,81.58,2024-01-01,9999-12-31,true
10160,Bekleidung Model 160,Bekleidung,mid,115.15,2024-01-01,9999-12-31,true
10161,Bekleidung Model 161,Bekleidung,budget,72.11,2024-01-01,2025-10-01,false
10161,Bekleidung Model 161,Bekleidung,mid,89.18,2025-10-01,2026-02-16,false
10161,Bekleidung Model 161,Bekleidung,budget,72.11,2026-02-16,9999-12-31,true
10162,Bekleidung Model 162,Bekleidung,mid,101.77,2024-01-01,2024-05-01,false
10162,Bekleidung Model 162,Bekleidung,premium,132.05,2024-05-01,2026-02-16,false
10162,Bekleidung Model 162,Bekleidung,mid,101.77,2026-02-16,9999-12-31,true
10163,Bekleidung Model 163,Bekleidung,budget,56.69,2024-01-01,9999-12-31,true
10164,Ausrüstung Model 164,Ausrüstung,mid,157.69,2024-01-01,9999-12-31,true
10165,Schuhe Model 165,Schuhe,mid,112.41,2024-01-01,2025-05-01,false
10165,Schuhe Model 165,Schuhe,premium,137.1,2025-05-01,2026-02-16,false
10165,Schuhe Model 165,Schuhe,mid,112.41,2026-02-16,9999-12-31,true
10166,Bekleidung Model 166,Bekleidung,mid,164.13,2024-01-01,9999-12-31,true
10167,Ausrüstung Model 167,Ausrüstung,mid,177.34,2024-01-01,9999-12-31,true
10168,Ausrüstung Model 168,Ausrüstung,premium,187.98,2024-01-01,2025-05-01,false
10168,Ausrüstung Model 168,Ausrüstung,mid,151.3,2025-05-01,2026-02-16,false
10168,Ausrüstung Model 168,Ausrüstung,premium,187.98,2026-02-16,9999-12-31,true
10169,Bekleidung Model 169,Bekleidung,budget,63.62,2024-01-01,2024-10-01,false
10169,Bekleidung Model 169,Bekleidung,mid,78.71,2024-10-01,2026-02-16,false
10169,Bekleidung Model 169,Bekleidung,budget,63.62,2026-02-16,9999-12-31,true
10170,Bekleidung Model 170,Bekleidung,budget,60.79,2024-01-01,9999-12-31,true
10171,Ausrüstung Model 171,Ausrüstung,mid,109.64,2024-01-01,9999-12-31,true
10172,Bekleidung Model 172,Bekleidung,mid,103.2,2024-01-01,9999-12-31,true
10173,Ausrüstung Model 173,Ausrüstung,mid,110.53,2024-01-01,9999-12-31,true
10174,Bekleidung Model 174,Bekleidung,mid,96.92,2024-01-01,2024-10-01,false
10174,Bekleidung Model 174,Bekleidung,premium,120.75,2024-10-01,2026-02-16,false
10174,Bekleidung Model 174,Bekleidung,mid,96.92,2026-02-16,9999-12-31,true
10175,Ausrüstung Model 175,Ausrüstung,premium,634.46,2024-01-01,9999-12-31,true
10176,Bekleidung Model 176,Bekleidung,mid,137.37,2024-01-01,9999-12-31,true
10177,Bekleidung Model 177,Bekleidung,budget,66.98,2024-01-01,2025-10-01,false
10177,Bekleidung Model 177,Bekleidung,mid,82.41,2025-10-01,2026-02-16,false
10177,Bekleidung Model 177,Bekleidung,budget,66.98,2026-02-16,9999-12-31,true
10178,Schuhe Model 178,Schuhe,premium,221.54,2024-01-01,9999-12-31,true
10179,Ausrüstung Model 179,Ausrüstung,mid,111.54,2024-01-01,2025-05-01,false
10179,Ausrüstung Model 179,Ausrüstung,budget,93.48,2025-05-01,2026-02-16,false
10179,Ausrüstung Model 179,Ausrüstung,mid,111.54,2026-02-16,9999-12-31,true
10180,Bekleidung Model 180,Bekleidung,budget,23.98,2024-01-01,9999-12-31,true
10181,Ausrüstung Model 181,Ausrüstung,budget,73.28,2024-01-01,2025-10-01,false
10181,Ausrüstung Model 181,Ausrüstung,mid,88.32,2025-10-01,2026-02-16,false
10181,Ausrüstung Model 181,Ausrüstung,budget,73.28,2026-02-16,9999-12-31,true
10182,Schuhe Model 182,Schuhe,budget,47.68,2024-01-01,9999-12-31,true
10183,Schuhe Model 183,Schuhe,mid,101.93,2024-01-01,2024-05-01,false
10183,Schuhe Model 183,Schuhe,premium,131.15,2024-05-01,2026-02-16,false
10183,Schuhe Model 183,Schuhe,mid,101.93,2026-02-16,9999-12-31,true
10184,Ausrüstung Model 184,Ausrüstung,mid,150.34,2024-01-01,9999-12-31,true
10185,Bekleidung Model 185,Bekleidung,premium,222.71,2024-01-01,2025-10-01,false
10185,Bekleidung Model 185,Bekleidung,mid,184.02,2025-10-01,2026-02-16,false
10185,Bekleidung Model 185,Bekleidung,premium,222.71,2026-02-16,9999-12-31,true
10186,Schuhe Model 186,Schuhe,mid,143.09,2024-01-01,9999-12-31,true
10187,Bekleidung Model 187,Bekleidung,budget,71.42,2024-01-01,2025-10-01,false
10187,Bekleidung Model 187,Bekleidung,mid,88.3,2025-10-01,2026-02-16,false
10187,Bekleidung Model 187,Bekleidung,budget,71.42,2026-02-16,9999-12-31,true
10188,Bekleidung Model 188,Bekleidung,mid,133.97,2024-01-01,9999-12-31,true
10189,Ausrüstung Model 189,Ausrüstung,budget,31.57,2024-01-01,9999-12-31,true
10190,Ausrüstung Model 190,Ausrüstung,mid,175.03,2024-01-01,9999-12-31,true
10191,Schuhe Model 191,Schuhe,mid,178.65,2024-01-01,9999-12-31,true
10192,Schuhe Model 192,Schuhe,budget,58.02,2024-01-01,2024-05-01,false
10192,Schuhe Model 192,Schuhe,mid,74.63,2024-05-01,2026-02-16,false
10192,Schuhe Model 192,Schuhe,budget,58.02,2026-02-16,9999-12-31,true
10193,Bekleidung Model 193,Bekleidung,mid,161.78,2024-01-01,9999-12-31,true
10194,Bekleidung Model 194,Bekleidung,mid,99.79,2024-01-01,9999-12-31,true
10195,Bekleidung Model 195,Bekleidung,budget,63.49,2024-01-01,9999-12-31,true
10196,Schuhe Model 196,Schuhe,mid,166.73,2024-01-01,9999-12-31,true
10197,Schuhe Model 197,Schuhe,premium,378.17,2024-01-01,9999-12-31,true
10198,Schuhe Model 198,Schuhe,mid,133.08,2024-01-01,9999-12-31,true
10199,Schuhe Model 199,Schuhe,mid,137.57,2024-01-01,2024-05-01,false
10199,Schuhe Model 199,Schuhe,budget,113.13,2024-05-01,2026-02-16,false
10199,Schuhe Model 199,Schuhe,mid,137.57,2026-02-16,9999-12-31,true
10200,Bekleidung Model 200,Bekleidung,budget,61.83,2024-01-01,2024-10-01,false
10200,Bekleidung Model 200,Bekleidung,mid,76.75,2024-10-01,2026-02-16,false
10200,Bekleidung Model 200,Bekleidung,budget,61.83,2026-02-16,9999-12-31,true
10201,Ausrüstung Model 201,Ausrüstung,mid,81.87,2024-01-01,2024-10-01,false
10201,Ausrüstung Model 201,Ausrüstung,budget,65.64,2024-10-01,2026-02-16,false
10201,Ausrüstung Model 201,Ausrüstung,mid,81.87,2026-02-16,9999-12-31,true
10202,Ausrüstung Model 202,Ausrüstung,premium,265.4,2024-01-01,9999-12-31,true
10203,Schuhe Model 203,Schuhe,budget,79.2,2024-01-01,2025-10-01,false
10203,Schuhe Model 203,Schuhe,mid,101.38,2025-10-01,2026-02-16,false
10203,Schuhe Model 203,Schuhe,budget,79.2,2026-02-16,9999-12-31,true
10204,Bekleidung Model 204,Bekleidung,mid,85.02,2024-01-01,2025-10-01,false
10204,Bekleidung Model 204,Bekleidung,premium,103.87,2025-10-01,2026-02-16,false
10204,Bekleidung Model 204,Bekleidung,mid,85.02,2026-02-16,9999-12-31,true
10205,Ausrüstung Model 205,Ausrüstung,mid,106.23,2024-01-01,2024-10-01,false
10205,Ausrüstung Model 205,Ausrüstung,premium,136.1,2024-10-01,2026-02-16,false
10205,Ausrüstung Model 205,Ausrüstung,mid,106.23,2026-02-16,9999-12-31,true
10206,Ausrüstung Model 206,Ausrüstung,premium,207.53,2024-01-01,9999-12-31,true
10207,Bekleidung Model 207,Bekleidung,mid,99.5,2024-01-01,2024-10-01,false
10207,Bekleidung Model 207,Bekleidung,budget,84.4,2024-10-01,2026-02-16,false
10207,Bekleidung Model 207,Bekleidung,mid,99.5,2026-02-16,9999-12-31,true
10208,Ausrüstung Model 208,Ausrüstung,premium,306.83,2024-01-01,2024-10-01,false
10208,Ausrüstung Model 208,Ausrüstung,mid,247.28,2024-10-01,2026-02-16,false
10208,Ausrüstung Model 208,Ausrüstung,premium,306.83,2026-02-16,9999-12-31,true
10209,Ausrüstung Model 209,Ausrüstung,mid,103.85,2024-01-01,9999-12-31,true
10210,Bekleidung Model 210,Bekleidung,budget,69.27,2024-01-01,2024-05-01,false
10210,Bekleidung Model 210,Bekleidung,mid,86.14,2024-05-01,2026-02-16,false
10210,Bekleidung Model 210,Bekleidung,budget,69.27,2026-02-16,9999-12-31,true
10211,Bekleidung Model 211,Bekleidung,budget,45.27,2024-01-01,9999-12-31,true
10212,Bekleidung Model 212,Bekleidung,budget,62.39,2024-01-01,2024-05-01,false
10212,Bekleidung Model 212,Bekleidung,mid,75.61,2024-05-01,2026-02-16,false
10212,Bekleidung Model 212,Bekleidung,budget,62.39,2026-02-16,9999-12-31,true
10213,Ausrüstung Model 213,Ausrüstung,premium,193.27,2024-01-01,9999-12-31,true
10214,Schuhe Model 214,Schuhe,mid,177.42,2024-01-01,9999-12-31,true
10215,Ausrüstung Model 215,Ausrüstung,budget,77.83,2024-01-01,9999-12-31,true
10216,Bekleidung Model 216,Bekleidung,mid,137.24,2024-01-01,2024-10-01,false
10216,Bekleidung Model 216,Bekleidung,premium,168.97,2024-10-01,2026-02-16,false
10216,Bekleidung Model 216,Bekleidung,mid,137.24,2026-02-16,9999-12-31,true
10217,Schuhe Model 217,Schuhe,premium,239.32,2024-01-01,2024-05-01,false
10217,Schuhe Model 217,Schuhe,mid,196.37,2024-05-01,2026-02-16,false
10217,Schuhe Model 217,Schuhe,premium,239.32,2026-02-16,9999-12-31,true
10218,Bekleidung Model 218,Bekleidung,mid,104.38,2024-01-01,2024-05-01,false
10218,Bekleidung Model 218,Bekleidung,premium,127.47,2024-05-01,2026-02-16,false
10218,Bekleidung Model 218,Bekleidung,mid,104.38,2026-02-16,9999-12-31,true
10219,Schuhe Model 219,Schuhe,premium,310.57,2024-01-01,9999-12-31,true
10220,Bekleidung Model 220,Bekleidung,budget,51.2,2024-01-01,2024-05-01,false
10220,Bekleidung Model 220,Bekleidung,mid,61.64,2024-05-01,2026-02-16,false
10220,Bekleidung Model 220,Bekleidung,budget,51.2,2026-02-16,9999-12-31,true
10221,Bekleidung Model 221,Bekleidung,budget,38.6,2024-01-01,9999-12-31,true
10222,Ausrüstung Model 222,Ausrüstung,budget,42.73,2024-01-01,2025-05-01,false
10222,Ausrüstung Model 222,Ausrüstung,mid,51.47,2025-05-01,2026-02-16,false
10222,Ausrüstung Model 222,Ausrüstung,budget,42.73,2026-02-16,9999-12-31,true
10223,Bekleidung Model 223,Bekleidung,premium,199.86,2024-01-01,9999-12-31,true
10224,Ausrüstung Model 224,Ausrüstung,premium,234.64,2024-01-01,9999-12-31,true
10225,Ausrüstung Model 225,Ausrüstung,mid,142.75,2024-01-01,2025-05-01,false
10225,Ausrüstung Model 225,Ausrüstung,premium,179.56,2025-05-01,2026-02-16,false
10225,Ausrüstung Model 225,Ausrüstung,mid,142.75,2026-02-16,9999-12-31,true
10226,Schuhe Model 226,Schuhe,mid,139.77,2024-01-01,2025-10-01,false
10226,Schuhe Model 226,Schuhe,premium,177.86,2025-10-01,2026-02-16,false
10226,Schuhe Model 226,Schuhe,mid,139.77,2026-02-16,9999-12-31,true
10227,Bekleidung Model 227,Bekleidung,budget,41.46,2024-01-01,2025-05-01,false
10227,Bekleidung Model 227,Bekleidung,mid,51.43,2025-05-01,2026-02-16,false
10227,Bekleidung Model 227,Bekleidung,budget,41.46,2026-02-16,9999-12-31,true
10228,Schuhe Model 228,Schuhe,premium,412.76,2024-01-01,9999-12-31,true
10229,Bekleidung Model 229,Bekleidung,mid,88.02,2024-01-01,9999-12-31,true
10230,Schuhe Model 230,Schuhe,mid,128.34,2024-01-01,2025-10-01,false
10230,Schuhe Model 230,Schuhe,premium,165.41,2025-10-01,2026-02-16,false
10230,Schuhe Model 230,Schuhe,mid,128.34,2026-02-16,9999-12-31,true
10231,Bekleidung Model 231,Bekleidung,mid,125.9,2024-01-01,2025-05-01,false
10231,Bekleidung Model 231,Bekleidung,premium,155.91,2025-05-01,2026-02-16,false
10231,Bekleidung Model 231,Bekleidung,mid,125.9,2026-02-16,9999-12-31,true
10232,Bekleidung Model 232,Bekleidung,mid,108.7,2024-01-01,2025-05-01,false
10232,Bekleidung Model 232,Bekleidung,budget,90.1,2025-05-01,2026-02-16,false
10232,Bekleidung Model 232,Bekleidung,mid,108.7,2026-02-16,9999-12-31,true
10233,Bekleidung Model 233,Bekleidung,mid,93.16,2024-01-01,9999-12-31,true
10234,Ausrüstung Model 234,Ausrüstung,mid,85.34,2024-01-01,9999-12-31,true
10235,Schuhe Model 235,Schuhe,mid,153.81,2024-01-01,9999-12-31,true
10236,Ausrüstung Model 236,Ausrüstung,premium,554.14,2024-01-01,2025-10-01,false
10236,Ausrüstung Model 236,Ausrüstung,mid,465.94,2025-10-01,2026-02-16,false
10236,Ausrüstung Model 236,Ausrüstung,premium,554.14,2026-02-16,9999-12-31,true
10237,Ausrüstung Model 237,Ausrüstung,premium,380.62,2024-01-01,9999-12-31,true
10238,Bekleidung Model 238,Bekleidung,premium,211.86,2024-01-01,2025-05-01,false
10238,Bekleidung Model 238,Bekleidung,mid,176.8,2025-05-01,2026-02-16,false
10238,Bekleidung Model 238,Bekleidung,premium,211.86,2026-02-16,9999-12-31,true
10239,Ausrüstung Model 239,Ausrüstung,mid,103.77,2024-01-01,9999-12-31,true
10240,Schuhe Model 240,Schuhe,budget,74.08,2024-01-01,9999-12-31,true
10241,Schuhe Model 241,Schuhe,mid,114.1,2024-01-01,9999-12-31,true
10242,Schuhe Model 242,Schuhe,mid,124.94,2024-01-01,9999-12-31,true
10243,Bekleidung Model 243,Bekleidung,mid,157.04,2024-01-01,2025-10-01,false
10243,Bekleidung Model 243,Bekleidung,premium,203.68,2025-10-01,2026-02-16,false
10243,Bekleidung Model 243,Bekleidung,mid,157.04,2026-02-16,9999-12-31,true
10244,Ausrüstung Model 244,Ausrüstung,budget,45.39,2024-01-01,2025-05-01,false
10244,Ausrüstung Model 244,Ausrüstung,mid,58.53,2025-05-01,2026-02-16,false
10244,Ausrüstung Model 244,Ausrüstung,budget,45.39,2026-02-16,9999-12-31,true
10245,Schuhe Model 245,Schuhe,premium,261.07,2024-01-01,2025-10-01,false
10245,Schuhe Model 245,Schuhe,mid,213.82,2025-10-01,2026-02-16,false
10245,Schuhe Model 245,Schuhe,premium,261.07,2026-02-16,9999-12-31,true
10246,Bekleidung Model 246,Bekleidung,budget,74.08,2024-01-01,2025-05-01,false
10246,Bekleidung Model 246,Bekleidung,mid,93.76,2025-05-01,2026-02-16,false
10246,Bekleidung Model 246,Bekleidung,budget,74.08,2026-02-16,9999-12-31,true
10247,Schuhe Model 247,Schuhe,mid,98.16,2024-01-01,9999-12-31,true
10248,Schuhe Model 248,Schuhe,budget,73.26,2024-01-01,2025-05-01,false
10248,Schuhe Model 248,Schuhe,mid,88.81,2025-05-01,2026-02-16,false
10248,Schuhe Model 248,Schuhe,budget,73.26,2026-02-16,9999-12-31,true
10249,Schuhe Model 249,Schuhe,budget,53.12,2024-01-01,2025-05-01,false
10249,Schuhe Model 249,Schuhe,mid,66.53,2025-05-01,2026-02-16,false
10249,Schuhe Model 249,Schuhe,budget,53.12,2026-02-16,9999-12-31,true
10250,Ausrüstung Model 250,Ausrüstung,premium,264.07,2024-01-01,9999-12-31,true
10251,Bekleidung Model 251,Bekleidung,mid,85.11,2024-01-01,9999-12-31,true
10252,Schuhe Model 252,Schuhe,budget,63.75,2024-01-01,2025-10-01,false
10252,Schuhe Model 252,Schuhe,mid,77.77,2025-10-01,2026-02-16,false
10252,Schuhe Model 252,Schuhe,budget,63.75,2026-02-16,9999-12-31,true
10253,Bekleidung Model 253,Bekleidung,budget,37.45,2024-01-01,9999-12-31,true
10254,Ausrüstung Model 254,Ausrüstung,mid,117.33,2024-01-01,9999-12-31,true
10255,Bekleidung Model 255,Bekleidung,premium,221.72,2024-01-01,9999-12-31,true
10256,Schuhe Model 256,Schuhe,mid,106.72,2024-01-01,2024-05-01,false
10256,Schuhe Model 256,Schuhe,premium,130.27,2024-05-01,2026-02-16,false
10256,Schuhe Model 256,Schuhe,mid,106.72,2026-02-16,9999-12-31,true
10257,Bekleidung Model 257,Bekleidung,budget,33.05,2024-01-01,9999-12-31,true
10258,Bekleidung Model 258,Bekleidung,budget,70.28,2024-01-01,9999-12-31,true
10259,Ausrüstung Model 259,Ausrüstung,mid,122.62,2024-01-01,9999-12-31,true
10260,Bekleidung Model 260,Bekleidung,budget,20.0,2024-01-01,9999-12-31,true
10261,Schuhe Model 261,Schuhe,mid,118.26,2024-01-01,9999-12-31,true
10262,Ausrüstung Model 262,Ausrüstung,mid,126.26,2024-01-01,9999-12-31,true
10263,Bekleidung Model 263,Bekleidung,mid,123.68,2024-01-01,9999-12-31,true
10264,Schuhe Model 264,Schuhe,premium,306.27,2024-01-01,9999-12-31,true
10265,Schuhe Model 265,Schuhe,premium,213.42,2024-01-01,9999-12-31,true
10266,Bekleidung Model 266,Bekleidung,budget,69.32,2024-01-01,9999-12-31,true
10267,Schuhe Model 267,Schuhe,budget,69.88,2024-01-01,9999-12-31,true
10268,Bekleidung Model 268,Bekleidung,premium,381.46,2024-01-01,9999-12-31,true
10269,Ausrüstung Model 269,Ausrüstung,mid,154.69,2024-01-01,9999-12-31,true
10270,Schuhe Model 270,Schuhe,mid,122.36,2024-01-01,2024-10-01,false
10270,Schuhe Model 270,Schuhe,premium,150.24,2024-10-01,2026-02-16,false
10270,Schuhe Model 270,Schuhe,mid,122.36,2026-02-16,9999-12-31,true
10271,Schuhe Model 271,Schuhe,mid,120.05,2024-01-01,9999-12-31,true
10272,Schuhe Model 272,Schuhe,mid,134.16,2024-01-01,2024-10-01,false
10272,Schuhe Model 272,Schuhe,premium,168.82,2024-10-01,2026-02-16,false
10272,Schuhe Model 272,Schuhe,mid,134.16,2026-02-16,9999-12-31,true
10273,Schuhe Model 273,Schuhe,mid,113.05,2024-01-01,2025-05-01,false
10273,Schuhe Model 273,Schuhe,budget,92.81,2025-05-01,2026-02-16,false
10273,Schuhe Model 273,Schuhe,mid,113.05,2026-02-16,9999-12-31,true
10274,Bekleidung Model 274,Bekleidung,budget,57.73,2024-01-01,9999-12-31,true
10275,Bekleidung Model 275,Bekleidung,budget,58.67,2024-01-01,9999-12-31,true
10276,Schuhe Model 276,Schuhe,mid,119.54,2024-01-01,9999-12-31,true
10277,Bekleidung Model 277,Bekleidung,budget,58.79,2024-01-01,9999-12-31,true
10278,Schuhe Model 278,Schuhe,mid,85.08,2024-01-01,9999-12-31,true
10279,Schuhe Model 279,Schuhe,mid,128.15,2024-01-01,2024-05-01,false
10279,Schuhe Model 279,Schuhe,premium,158.55,2024-05-01,2026-02-16,false
10279,Schuhe Model 279,Schuhe,mid,128.15,2026-02-16,9999-12-31,true
10280,Schuhe Model 280,Schuhe,mid,106.97,2024-01-01,2025-05-01,false
10280,Schuhe Model 280,Schuhe,premium,132.17,2025-05-01,2026-02-16,false
10280,Schuhe Model 280,Schuhe,mid,106.97,2026-02-16,9999-12-31,true
10281,Bekleidung Model 281,Bekleidung,premium,200.82,2024-01-01,9999-12-31,true
10282,Bekleidung Model 282,Bekleidung,budget,20.0,2024-01-01,2024-10-01,false
10282,Bekleidung Model 282,Bekleidung,mid,25.02,2024-10-01,2026-02-16,false
10282,Bekleidung Model 282,Bekleidung,budget,20.0,2026-02-16,9999-12-31,true
10283,Ausrüstung Model 283,Ausrüstung,premium,318.64,2024-01-01,9999-12-31,true
10284,Bekleidung Model 284,Bekleidung,mid,172.03,2024-01-01,2024-10-01,false
10284,Bekleidung Model 284,Bekleidung,premium,217.64,2024-10-01,2026-02-16,false
10284,Bekleidung Model 284,Bekleidung,mid,172.03,2026-02-16,9999-12-31,true
10285,Ausrüstung Model 285,Ausrüstung,budget,34.77,2024-01-01,2024-05-01,false
10285,Ausrüstung Model 285,Ausrüstung,mid,43.13,2024-05-01,2026-02-16,false
10285,Ausrüstung Model 285,Ausrüstung,budget,34.77,2026-02-16,9999-12-31,true
10286,Bekleidung Model 286,Bekleidung,budget,66.31,2024-01-01,9999-12-31,true
10287,Bekleidung Model 287,Bekleidung,budget,65.18,2024-01-01,9999-12-31,true
10288,Ausrüstung Model 288,Ausrüstung,budget,55.41,2024-01-01,9999-12-31,true
10289,Bekleidung Model 289,Bekleidung,budget,51.08,2024-01-01,9999-12-31,true
10290,Ausrüstung Model 290,Ausrüstung,budget,68.21,2024-01-01,2024-10-01,false
10290,Ausrüstung Model 290,Ausrüstung,mid,84.12,2024-10-01,2026-02-16,false
10290,Ausrüstung Model 290,Ausrüstung,budget,68.21,2026-02-16,9999-12-31,true
10291,Ausrüstung Model 291,Ausrüstung,premium,506.03,2024-01-01,2024-05-01,false
10291,Ausrüstung Model 291,Ausrüstung,mid,411.07,2024-05-01,2026-02-16,false
10291,Ausrüstung Model 291,Ausrüstung,premium,506.03,2026-02-16,9999-12-31,true
10292,Schuhe Model 292,Schuhe,premium,194.0,2024-01-01,2024-10-01,false
10292,Schuhe Model 292,Schuhe,mid,156.67,2024-10-01,2026-02-16,false
10292,Schuhe Model 292,Schuhe,premium,194.0,2026-02-16,9999-12-31,true
10293,Bekleidung Model 293,Bekleidung,mid,174.68,2024-01-01,9999-12-31,true
10294,Ausrüstung Model 294,Ausrüstung,premium,245.96,2024-01-01,2025-05-01,false
10294,Ausrüstung Model 294,Ausrüstung,mid,203.86,2025-05-01,2026-02-16,false
10294,Ausrüstung Model 294,Ausrüstung,premium,245.96,2026-02-16,9999-12-31,true
10295,Bekleidung Model 295,Bekleidung,budget,41.37,2024-01-01,9999-12-31,true
10296,Schuhe Model 296,Schuhe,mid,93.48,2024-01-01,2025-10-01,false
10296,Schuhe Model 296,Schuhe,premium,116.66,2025-10-01,2026-02-16,false
10296,Schuhe Model 296,Schuhe,mid,93.48,2026-02-16,9999-12-31,true
10297,Ausrüstung Model 297,Ausrüstung,premium,209.05,2024-01-01,9999-12-31,true
10298,Bekleidung Model 298,Bekleidung,budget,39.12,2024-01-01,9999-12-31,true
10299,Ausrüstung Model 299,Ausrüstung,premium,244.47,2024-01-01,2024-10-01,false
10299,Ausrüstung Model 299,Ausrüstung,mid,207.69,2024-10-01,2026-02-16,false
10299,Ausrüstung Model 299,Ausrüstung,premium,244.47,2026-02-16,9999-12-31,true
10300,Ausrüstung Model 300,Ausrüstung,mid,125.43,2024-01-01,9999-12-31,true
10301,Bekleidung Model 301,Bekleidung,budget,65.05,2024-01-01,9999-12-31,true
10302,Bekleidung Model 302,Bekleidung,mid,124.78,2024-01-01,9999-12-31,true
10303,Bekleidung Model 303,Bekleidung,mid,106.33,2024-01-01,9999-12-31,true
10304,Schuhe Model 304,Schuhe,mid,101.45,2024-01-01,9999-12-31,true
10305,Schuhe Model 305,Schuhe,premium,216.95,2024-01-01,2025-10-01,false
10305,Schuhe Model 305,Schuhe,mid,184.18,2025-10-01,2026-02-16,false
10305,Schuhe Model 305,Schuhe,premium,216.95,2026-02-16,9999-12-31,true
10306,Bekleidung Model 306,Bekleidung,budget,42.58,2024-01-01,2024-10-01,false
10306,Bekleidung Model 306,Bekleidung,mid,51.47,2024-10-01,2026-02-16,false
10306,Bekleidung Model 306,Bekleidung,budget,42.58,2026-02-16,9999-12-31,true
10307,Bekleidung Model 307,Bekleidung,mid,117.87,2024-01-01,2024-10-01,false
10307,Bekleidung Model 307,Bekleidung,budget,96.8,2024-10-01,2026-02-16,false
10307,Bekleidung Model 307,Bekleidung,mid,117.87,2026-02-16,9999-12-31,true
10308,Schuhe Model 308,Schuhe,mid,163.46,2024-01-01,2025-05-01,false
10308,Schuhe Model 308,Schuhe,premium,201.73,2025-05-01,2026-02-16,false
10308,Schuhe Model 308,Schuhe,mid,163.46,2026-02-16,9999-12-31,true
10309,Ausrüstung Model 309,Ausrüstung,mid,119.5,2024-01-01,2025-10-01,false
10309,Ausrüstung Model 309,Ausrüstung,premium,147.05,2025-10-01,2026-02-16,false
10309,Ausrüstung Model 309,Ausrüstung,mid,119.5,2026-02-16,9999-12-31,true
10310,Bekleidung Model 310,Bekleidung,mid,99.06,2024-01-01,9999-12-31,true
10311,Ausrüstung Model 311,Ausrüstung,budget,61.82,2024-01-01,2024-05-01,false
10311,Ausrüstung Model 311,Ausrüstung,mid,77.75,2024-05-01,2026-02-16,false
10311,Ausrüstung Model 311,Ausrüstung,budget,61.82,2026-02-16,9999-12-31,true
10312,Ausrüstung Model 312,Ausrüstung,premium,283.39,2024-01-01,9999-12-31,true
10313,Schuhe Model 313,Schuhe,mid,110.78,2024-01-01,2025-10-01,false
10313,Schuhe Model 313,Schuhe,premium,139.49,2025-10-01,2026-02-16,false
10313,Schuhe Model 313,Schuhe,mid,110.78,2026-02-16,9999-12-31,true
10314,Schuhe Model 314,Schuhe,mid,93.56,2024-01-01,9999-12-31,true
10315,Bekleidung Model 315,Bekleidung,mid,152.84,2024-01-01,9999-12-31,true
10316,Bekleidung Model 316,Bekleidung,budget,53.38,2024-01-01,2025-10-01,false
10316,Bekleidung Model 316,Bekleidung,mid,69.25,2025-10-01,2026-02-16,false
10316,Bekleidung Model 316,Bekleidung,budget,53.38,2026-02-16,9999-12-31,true
10317,Ausrüstung Model 317,Ausrüstung,budget,55.37,2024-01-01,2025-05-01,false
10317,Ausrüstung Model 317,Ausrüstung,mid,67.77,2025-05-01,2026-02-16,false
10317,Ausrüstung Model 317,Ausrüstung,budget,55.37,2026-02-16,9999-12-31,true
10318,Ausrüstung Model 318,Ausrüstung,budget,49.92,2024-01-01,9999-12-31,true
10319,Ausrüstung Model 319,Ausrüstung,premium,226.83,2024-01-01,9999-12-31,true
10320,Bekleidung Model 320,Bekleidung,budget,37.78,2024-01-01,9999-12-31,true
10321,Schuhe Model 321,Schuhe,premium,292.19,2024-01-01,9999-12-31,true
10322,Bekleidung Model 322,Bekleidung,budget,23.36,2024-01-01,9999-12-31,true
10323,Ausrüstung Model 323,Ausrüstung,premium,486.64,2024-01-01,9999-12-31,true
10324,Schuhe Model 324,Schuhe,mid,135.03,2024-01-01,2024-05-01,false
10324,Schuhe Model 324,Schuhe,budget,112.02,2024-05-01,2026-02-16,false
10324,Schuhe Model 324,Schuhe,mid,135.03,2026-02-16,9999-12-31,true
10325,Schuhe Model 325,Schuhe,mid,115.77,2024-01-01,9999-12-31,true
10326,Bekleidung Model 326,Bekleidung,budget,58.74,2024-01-01,2025-05-01,false
10326,Bekleidung Model 326,Bekleidung,mid,71.91,2025-05-01,2026-02-16,false
10326,Bekleidung Model 326,Bekleidung,budget,58.74,2026-02-16,9999-12-31,true
10327,Bekleidung Model 327,Bekleidung,mid,103.49,2024-01-01,9999-12-31,true
10328,Bekleidung Model 328,Bekleidung,budget,79.63,2024-01-01,9999-12-31,true
10329,Ausrüstung Model 329,Ausrüstung,premium,321.28,2024-01-01,2025-10-01,false
10329,Ausrüstung Model 329,Ausrüstung,mid,265.65,2025-10-01,2026-02-16,false
10329,Ausrüstung Model 329,Ausrüstung,premium,321.28,2026-02-16,9999-12-31,true
10330,Bekleidung Model 330,Bekleidung,mid,87.23,2024-01-01,2024-10-01,false
10330,Bekleidung Model 330,Bekleidung,premium,109.03,2024-10-01,2026-02-16,false
10330,Bekleidung Model 330,Bekleidung,mid,87.23,2026-02-16,9999-12-31,true
10331,Schuhe Model 331,Schuhe,mid,130.99,2024-01-01,2025-05-01,false
10331,Schuhe Model 331,Schuhe,premium,158.26,2025-05-01,2026-02-16,false
10331,Schuhe Model 331,Schuhe,mid,130.99,2026-02-16,9999-12-31,true
10332,Ausrüstung Model 332,Ausrüstung,mid,115.06,2024-01-01,2024-10-01,false
10332,Ausrüstung Model 332,Ausrüstung,budget,97.58,2024-10-01,2026-02-16,false
10332,Ausrüstung Model 332,Ausrüstung,mid,115.06,2026-02-16,9999-12-31,true
10333,Ausrüstung Model 333,Ausrüstung,mid,142.61,2024-01-01,2025-10-01,false
10333,Ausrüstung Model 333,Ausrüstung,premium,171.78,2025-10-01,2026-02-16,false
10333,Ausrüstung Model 333,Ausrüstung,mid,142.61,2026-02-16,9999-12-31,true
10334,Ausrüstung Model 334,Ausrüstung,premium,184.1,2024-01-01,9999-12-31,true
10335,Ausrüstung Model 335,Ausrüstung,budget,44.83,2024-01-01,9999-12-31,true
10336,Schuhe Model 336,Schuhe,budget,61.92,2024-01-01,2024-10-01,false
10336,Schuhe Model 336,Schuhe,mid,79.27,2024-10-01,2026-02-16,false
10336,Schuhe Model 336,Schuhe,budget,61.92,2026-02-16,9999-12-31,true
10337,Schuhe Model 337,Schuhe,mid,176.2,2024-01-01,2025-05-01,false
10337,Schuhe Model 337,Schuhe,premium,225.53,2025-05-01,2026-02-16,false
10337,Schuhe Model 337,Schuhe,mid,176.2,2026-02-16,9999-12-31,true
10338,Bekleidung Model 338,Bekleidung,mid,90.24,2024-01-01,2025-05-01,false
10338,Bekleidung Model 338,Bekleidung,premium,116.97,2025-05-01,2026-02-16,false
10338,Bekleidung Model 338,Bekleidung,mid,90.24,2026-02-16,9999-12-31,true
10339,Ausrüstung Model 339,Ausrüstung,mid,130.48,2024-01-01,9999-12-31,true
10340,Bekleidung Model 340,Bekleidung,mid,82.36,2024-01-01,2024-10-01,false
10340,Bekleidung Model 340,Bekleidung,premium,102.34,2024-10-01,2026-02-16,false
10340,Bekleidung Model 340,Bekleidung,mid,82.36,2026-02-16,9999-12-31,true
10341,Bekleidung Model 341,Bekleidung,mid,100.34,2024-01-01,9999-12-31,true
10342,Ausrüstung Model 342,Ausrüstung,mid,101.71,2024-01-01,9999-12-31,true
10343,Bekleidung Model 343,Bekleidung,budget,51.06,2024-01-01,2025-10-01,false
10343,Bekleidung Model 343,Bekleidung,mid,63.96,2025-10-01,2026-02-16,false
10343,Bekleidung Model 343,Bekleidung,budget,51.06,2026-02-16,9999-12-31,true
10344,Bekleidung Model 344,Bekleidung,mid,91.61,2024-01-01,2025-05-01,false
10344,Bekleidung Model 344,Bekleidung,premium,110.34,2025-05-01,2026-02-16,false
10344,Bekleidung Model 344,Bekleidung,mid,91.61,2026-02-16,9999-12-31,true
10345,Bekleidung Model 345,Bekleidung,budget,45.29,2024-01-01,9999-12-31,true
10346,Bekleidung Model 346,Bekleidung,mid,104.06,2024-01-01,9999-12-31,true
10347,Ausrüstung Model 347,Ausrüstung,budget,45.07,2024-01-01,2024-10-01,false
10347,Ausrüstung Model 347,Ausrüstung,mid,57.57,2024-10-01,2026-02-16,false
10347,Ausrüstung Model 347,Ausrüstung,budget,45.07,2026-02-16,9999-12-31,true
10348,Bekleidung Model 348,Bekleidung,mid,151.03,2024-01-01,9999-12-31,true
10349,Bekleidung Model 349,Bekleidung,mid,108.15,2024-01-01,9999-12-31,true
10350,Bekleidung Model 350,Bekleidung,mid,94.98,2024-01-01,9999-12-31,true
10351,Schuhe Model 351,Schuhe,premium,198.61,2024-01-01,9999-12-31,true
10352,Bekleidung Model 352,Bekleidung,premium,221.25,2024-01-01,9999-12-31,true
10353,Ausrüstung Model 353,Ausrüstung,premium,301.89,2024-01-01,9999-12-31,true
10354,Ausrüstung Model 354,Ausrüstung,budget,40.91,2024-01-01,9999-12-31,true
10355,Bekleidung Model 355,Bekleidung,budget,37.8,2024-01-01,9999-12-31,true
10356,Ausrüstung Model 356,Ausrüstung,mid,95.83,2024-01-01,9999-12-31,true
10357,Bekleidung Model 357,Bekleidung,mid,82.74,2024-01-01,9999-12-31,true
10358,Schuhe Model 358,Schuhe,mid,157.41,2024-01-01,2025-10-01,false
10358,Schuhe Model 358,Schuhe,premium,197.47,2025-10-01,2026-02-16,false
10358,Schuhe Model 358,Schuhe,mid,157.41,2026-02-16,9999-12-31,true
10359,Bekleidung Model 359,Bekleidung,budget,52.7,2024-01-01,9999-12-31,true
10360,Bekleidung Model 360,Bekleidung,mid,91.11,2024-01-01,2025-05-01,false
10360,Bekleidung Model 360,Bekleidung,premium,111.78,2025-05-01,2026-02-16,false
10360,Bekleidung Model 360,Bekleidung,mid,91.11,2026-02-16,9999-12-31,true
10361,Bekleidung Model 361,Bekleidung,budget,51.77,2024-01-01,9999-12-31,true
10362,Bekleidung Model 362,Bekleidung,budget,56.43,2024-01-01,9999-12-31,true
10363,Bekleidung Model 363,Bekleidung,budget,35.02,2024-01-01,2025-05-01,false
10363,Bekleidung Model 363,Bekleidung,mid,43.32,2025-05-01,2026-02-16,false
10363,Bekleidung Model 363,Bekleidung,budget,35.02,2026-02-16,9999-12-31,true
10364,Schuhe Model 364,Schuhe,budget,76.58,2024-01-01,9999-12-31,true
10365,Bekleidung Model 365,Bekleidung,budget,36.2,2024-01-01,9999-12-31,true
10366,Schuhe Model 366,Schuhe,budget,74.59,2024-01-01,9999-12-31,true
10367,Schuhe Model 367,Schuhe,premium,205.78,2024-01-01,2024-10-01,false
10367,Schuhe Model 367,Schuhe,mid,174.32,2024-10-01,2026-02-16,false
10367,Schuhe Model 367,Schuhe,premium,205.78,2026-02-16,9999-12-31,true
10368,Ausrüstung Model 368,Ausrüstung,budget,76.36,2024-01-01,2024-10-01,false
10368,Ausrüstung Model 368,Ausrüstung,mid,92.33,2024-10-01,2026-02-16,false
10368,Ausrüstung Model 368,Ausrüstung,budget,76.36,2026-02-16,9999-12-31,true
10369,Ausrüstung Model 369,Ausrüstung,premium,800.0,2024-01-01,9999-12-31,true
10370,Ausrüstung Model 370,Ausrüstung,premium,209.63,2024-01-01,9999-12-31,true
10371,Ausrüstung Model 371,Ausrüstung,mid,168.91,2024-01-01,9999-12-31,true
10372,Ausrüstung Model 372,Ausrüstung,mid,81.38,2024-01-01,9999-12-31,true
10373,Bekleidung Model 373,Bekleidung,mid,123.99,2024-01-01,9999-12-31,true
10374,Ausrüstung Model 374,Ausrüstung,mid,99.19,2024-01-01,2025-10-01,false
10374,Ausrüstung Model 374,Ausrüstung,premium,122.62,2025-10-01,2026-02-16,false
10374,Ausrüstung Model 374,Ausrüstung,mid,99.19,2026-02-16,9999-12-31,true
10375,Bekleidung Model 375,Bekleidung,mid,87.64,2024-01-01,9999-12-31,true
10376,Schuhe Model 376,Schuhe,premium,437.05,2024-01-01,9999-12-31,true
10377,Ausrüstung Model 377,Ausrüstung,mid,138.76,2024-01-01,9999-12-31,true
10378,Schuhe Model 378,Schuhe,premium,215.86,2024-01-01,2024-05-01,false
10378,Schuhe Model 378,Schuhe,mid,180.56,2024-05-01,2026-02-16,false
10378,Schuhe Model 378,Schuhe,premium,215.86,2026-02-16,9999-12-31,true
10379,Ausrüstung Model 379,Ausrüstung,mid,90.72,2024-01-01,2025-10-01,false
10379,Ausrüstung Model 379,Ausrüstung,premium,114.26,2025-10-01,2026-02-16,false
10379,Ausrüstung Model 379,Ausrüstung,mid,90.72,2026-02-16,9999-12-31,true
10380,Ausrüstung Model 380,Ausrüstung,mid,144.82,2024-01-01,9999-12-31,true
10381,Bekleidung Model 381,Bekleidung,premium,235.68,2024-01-01,9999-12-31,true
10382,Bekleidung Model 382,Bekleidung,budget,55.91,2024-01-01,9999-12-31,true
10383,Schuhe Model 383,Schuhe,premium,300.73,2024-01-01,9999-12-31,true
10384,Schuhe Model 384,Schuhe,mid,173.1,2024-01-01,9999-12-31,true
10385,Schuhe Model 385,Schuhe,mid,91.72,2024-01-01,9999-12-31,true
10386,Ausrüstung Model 386,Ausrüstung,premium,231.06,2024-01-01,9999-12-31,true
10387,Ausrüstung Model 387,Ausrüstung,premium,293.18,2024-01-01,9999-12-31,true
10388,Schuhe Model 388,Schuhe,mid,165.82,2024-01-01,9999-12-31,true
10389,Schuhe Model 389,Schuhe,budget,55.42,2024-01-01,2024-10-01,false
10389,Schuhe Model 389,Schuhe,mid,67.53,2024-10-01,2026-02-16,false
10389,Schuhe Model 389,Schuhe,budget,55.42,2026-02-16,9999-12-31,true
10390,Schuhe Model 390,Schuhe,mid,84.47,2024-01-01,2025-05-01,false
10390,Schuhe Model 390,Schuhe,premium,105.28,2025-05-01,2026-02-16,false
10390,Schuhe Model 390,Schuhe,mid,84.47,2026-02-16,9999-12-31,true
10391,Bekleidung Model 391,Bekleidung,budget,70.21,2024-01-01,9999-12-31,true
10392,Bekleidung Model 392,Bekleidung,budget,77.89,2024-01-01,2025-05-01,false
10392,Bekleidung Model 392,Bekleidung,mid,97.61,2025-05-01,2026-02-16,false
10392,Bekleidung Model 392,Bekleidung,budget,77.89,2026-02-16,9999-12-31,true
10393,Schuhe Model 393,Schuhe,mid,165.73,2024-01-01,9999-12-31,true
10394,Bekleidung Model 394,Bekleidung,mid,90.62,2024-01-01,9999-12-31,true
10395,Schuhe Model 395,Schuhe,budget,62.32,2024-01-01,9999-12-31,true
10396,Schuhe Model 396,Schuhe,mid,146.95,2024-01-01,9999-12-31,true
10397,Bekleidung Model 397,Bekleidung,mid,117.49,2024-01-01,9999-12-31,true
10398,Schuhe Model 398,Schuhe,mid,160.76,2024-01-01,2025-05-01,false
10398,Schuhe Model 398,Schuhe,premium,203.75,2025-05-01,2026-02-16,false
10398,Schuhe Model 398,Schuhe,mid,160.76,2026-02-16,9999-12-31,true
10399,Schuhe Model 399,Schuhe,premium,208.59,2024-01-01,2025-10-01,false
10399,Schuhe Model 399,Schuhe,mid,176.19,2025-10-01,2026-02-16,false
10399,Schuhe Model 399,Schuhe,premium,208.59,2026-02-16,9999-12-31,true
10400,Ausrüstung Model 400,Ausrüstung,premium,266.07,2024-01-01,9999-12-31,true
10401,Schuhe Model 401,Schuhe,mid,152.87,2024-01-01,9999-12-31,true
10402,Bekleidung Model 402,Bekleidung,budget,78.09,2024-01-01,9999-12-31,true
10403,Schuhe Model 403,Schuhe,budget,52.96,2024-01-01,2025-10-01,false
10403,Schuhe Model 403,Schuhe,mid,67.07,2025-10-01,2026-02-16,false
10403,Schuhe Model 403,Schuhe,budget,52.96,2026-02-16,9999-12-31,true
10404,Bekleidung Model 404,Bekleidung,mid,105.4,2024-01-01,2025-10-01,false
10404,Bekleidung Model 404,Bekleidung,budget,87.95,2025-10-01,2026-02-16,false
10404,Bekleidung Model 404,Bekleidung,mid,105.4,2026-02-16,9999-12-31,true
10405,Schuhe Model 405,Schuhe,mid,134.81,2024-01-01,9999-12-31,true
10406,Bekleidung Model 406,Bekleidung,mid,95.87,2024-01-01,2024-10-01,false
10406,Bekleidung Model 406,Bekleidung,premium,123.0,2024-10-01,2026-02-16,false
10406,Bekleidung Model 406,Bekleidung,mid,95.87,2026-02-16,9999-12-31,true
10407,Ausrüstung Model 407,Ausrüstung,budget,60.72,2024-01-01,9999-12-31,true
10408,Schuhe Model 408,Schuhe,budget,70.77,2024-01-01,9999-12-31,true
10409,Ausrüstung Model 409,Ausrüstung,premium,310.2,2024-01-01,9999-12-31,true
10410,Bekleidung Model 410,Bekleidung,budget,79.54,2024-01-01,9999-12-31,true
10411,Schuhe Model 411,Schuhe,mid,170.84,2024-01-01,2025-10-01,false
10411,Schuhe Model 411,Schuhe,premium,220.09,2025-10-01,2026-02-16,false
10411,Schuhe Model 411,Schuhe,mid,170.84,2026-02-16,9999-12-31,true
10412,Schuhe Model 412,Schuhe,mid,123.24,2024-01-01,9999-12-31,true
10413,Bekleidung Model 413,Bekleidung,mid,82.92,2024-01-01,9999-12-31,true
10414,Bekleidung Model 414,Bekleidung,mid,143.02,2024-01-01,2024-05-01,false
10414,Bekleidung Model 414,Bekleidung,premium,172.36,2024-05-01,2026-02-16,false
10414,Bekleidung Model 414,Bekleidung,mid,143.02,2026-02-16,9999-12-31,true
10415,Bekleidung Model 415,Bekleidung,budget,59.76,2024-01-01,2024-05-01,false
10415,Bekleidung Model 415,Bekleidung,mid,75.13,2024-05-01,2026-02-16,false
10415,Bekleidung Model 415,Bekleidung,budget,59.76,2026-02-16,9999-12-31,true
10416,Ausrüstung Model 416,Ausrüstung,mid,158.74,2024-01-01,9999-12-31,true
10417,Bekleidung Model 417,Bekleidung,budget,61.72,2024-01-01,2024-05-01,false
10417,Bekleidung Model 417,Bekleidung,mid,77.15,2024-05-01,2026-02-16,false
10417,Bekleidung Model 417,Bekleidung,budget,61.72,2026-02-16,9999-12-31,true
10418,Bekleidung Model 418,Bekleidung,budget,62.76,2024-01-01,2025-05-01,false
10418,Bekleidung Model 418,Bekleidung,mid,76.9,2025-05-01,2026-02-16,false
10418,Bekleidung Model 418,Bekleidung,budget,62.76,2026-02-16,9999-12-31,true
10419,Schuhe Model 419,Schuhe,mid,104.11,2024-01-01,9999-12-31,true
10420,Schuhe Model 420,Schuhe,mid,135.78,2024-01-01,2025-10-01,false
10420,Schuhe Model 420,Schuhe,budget,110.07,2025-10-01,2026-02-16,false
10420,Schuhe Model 420,Schuhe,mid,135.78,2026-02-16,9999-12-31,true
10421,Schuhe Model 421,Schuhe,mid,95.64,2024-01-01,9999-12-31,true
10422,Ausrüstung Model 422,Ausrüstung,premium,357.46,2024-01-01,2025-10-01,false
10422,Ausrüstung Model 422,Ausrüstung,mid,294.28,2025-10-01,2026-02-16,false
10422,Ausrüstung Model 422,Ausrüstung,premium,357.46,2026-02-16,9999-12-31,true
10423,Bekleidung Model 423,Bekleidung,budget,47.62,2024-01-01,9999-12-31,true
10424,Ausrüstung Model 424,Ausrüstung,mid,130.22,2024-01-01,2025-10-01,false
10424,Ausrüstung Model 424,Ausrüstung,budget,106.64,2025-10-01,2026-02-16,false
10424,Ausrüstung Model 424,Ausrüstung,mid,130.22,2026-02-16,9999-12-31,true
10425,Bekleidung Model 425,Bekleidung,budget,62.56,2024-01-01,9999-12-31,true
10426,Bekleidung Model 426,Bekleidung,premium,194.06,2024-01-01,2024-10-01,false
10426,Bekleidung Model 426,Bekleidung,mid,162.6,2024-10-01,2026-02-16,false
10426,Bekleidung Model 426,Bekleidung,premium,194.06,2026-02-16,9999-12-31,true
10427,Schuhe Model 427,Schuhe,mid,134.06,2024-01-01,9999-12-31,true
10428,Bekleidung Model 428,Bekleidung,mid,151.28,2024-01-01,2024-10-01,false
10428,Bekleidung Model 428,Bekleidung,premium,191.72,2024-10-01,2026-02-16,false
10428,Bekleidung Model 428,Bekleidung,mid,151.28,2026-02-16,9999-12-31,true
10429,Ausrüstung Model 429,Ausrüstung,budget,52.46,2024-01-01,9999-12-31,true
10430,Ausrüstung Model 430,Ausrüstung,mid,178.92,2024-01-01,9999-12-31,true
10431,Schuhe Model 431,Schuhe,premium,189.58,2024-01-01,2024-05-01,false
10431,Schuhe Model 431,Schuhe,mid,152.21,2024-05-01,2026-02-16,false
10431,Schuhe Model 431,Schuhe,premium,189.58,2026-02-16,9999-12-31,true
10432,Bekleidung Model 432,Bekleidung,mid,85.57,2024-01-01,2025-05-01,false
10432,Bekleidung Model 432,Bekleidung,premium,105.74,2025-05-01,2026-02-16,false
10432,Bekleidung Model 432,Bekleidung,mid,85.57,2026-02-16,9999-12-31,true
10433,Ausrüstung Model 433,Ausrüstung,premium,312.89,2024-01-01,2025-05-01,false
10433,Ausrüstung Model 433,Ausrüstung,mid,262.15,2025-05-01,2026-02-16,false
10433,Ausrüstung Model 433,Ausrüstung,premium,312.89,2026-02-16,9999-12-31,true
10434,Ausrüstung Model 434,Ausrüstung,mid,103.33,2024-01-01,2025-05-01,false
10434,Ausrüstung Model 434,Ausrüstung,budget,87.43,2025-05-01,2026-02-16,false
10434,Ausrüstung Model 434,Ausrüstung,mid,103.33,2026-02-16,9999-12-31,true
10435,Schuhe Model 435,Schuhe,premium,245.84,2024-01-01,9999-12-31,true
10436,Ausrüstung Model 436,Ausrüstung,premium,741.91,2024-01-01,9999-12-31,true
10437,Schuhe Model 437,Schuhe,mid,101.35,2024-01-01,9999-12-31,true
10438,Schuhe Model 438,Schuhe,mid,97.25,2024-01-01,9999-12-31,true
10439,Ausrüstung Model 439,Ausrüstung,premium,410.5,2024-01-01,9999-12-31,true
10440,Ausrüstung Model 440,Ausrüstung,premium,448.41,2024-01-01,2025-10-01,false
10440,Ausrüstung Model 440,Ausrüstung,mid,367.67,2025-10-01,2026-02-16,false
10440,Ausrüstung Model 440,Ausrüstung,premium,448.41,2026-02-16,9999-12-31,true
10441,Schuhe Model 441,Schuhe,mid,93.56,2024-01-01,9999-12-31,true
10442,Bekleidung Model 442,Bekleidung,budget,63.3,2024-01-01,9999-12-31,true
10443,Bekleidung Model 443,Bekleidung,budget,68.78,2024-01-01,9999-12-31,true
10444,Schuhe Model 444,Schuhe,budget,62.04,2024-01-01,2024-10-01,false
10444,Schuhe Model 444,Schuhe,mid,78.01,2024-10-01,2026-02-16,false
10444,Schuhe Model 444,Schuhe,budget,62.04,2026-02-16,9999-12-31,true
10445,Schuhe Model 445,Schuhe,budget,76.76,2024-01-01,9999-12-31,true
10446,Schuhe Model 446,Schuhe,budget,73.55,2024-01-01,9999-12-31,true
10447,Schuhe Model 447,Schuhe,mid,82.77,2024-01-01,2024-10-01,false
10447,Schuhe Model 447,Schuhe,premium,100.55,2024-10-01,2026-02-16,false
10447,Schuhe Model 447,Schuhe,mid,82.77,2026-02-16,9999-12-31,true
10448,Bekleidung Model 448,Bekleidung,budget,79.77,2024-01-01,2025-10-01,false
10448,Bekleidung Model 448,Bekleidung,mid,102.62,2025-10-01,2026-02-16,false
10448,Bekleidung Model 448,Bekleidung,budget,79.77,2026-02-16,9999-12-31,true
10449,Ausrüstung Model 449,Ausrüstung,mid,174.85,2024-01-01,9999-12-31,true
10450,Schuhe Model 450,Schuhe,premium,263.82,2024-01-01,2024-10-01,false
10450,Schuhe Model 450,Schuhe,mid,216.88,2024-10-01,2026-02-16,false
10450,Schuhe Model 450,Schuhe,premium,263.82,2026-02-16,9999-12-31,true
10451,Bekleidung Model 451,Bekleidung,budget,44.75,2024-01-01,9999-12-31,true
10452,Bekleidung Model 452,Bekleidung,mid,147.02,2024-01-01,9999-12-31,true
10453,Schuhe Model 453,Schuhe,mid,109.18,2024-01-01,9999-12-31,true
10454,Ausrüstung Model 454,Ausrüstung,mid,143.36,2024-01-01,9999-12-31,true
10455,Bekleidung Model 455,Bekleidung,mid,122.11,2024-01-01,9999-12-31,true
10456,Ausrüstung Model 456,Ausrüstung,budget,67.63,2024-01-01,9999-12-31,true
10457,Bekleidung Model 457,Bekleidung,mid,102.46,2024-01-01,9999-12-31,true
10458,Ausrüstung Model 458,Ausrüstung,mid,166.75,2024-01-01,9999-12-31,true
10459,Ausrüstung Model 459,Ausrüstung,premium,209.5,2024-01-01,2024-05-01,false
10459,Ausrüstung Model 459,Ausrüstung,mid,168.2,2024-05-01,2026-02-16,false
10459,Ausrüstung Model 459,Ausrüstung,premium,209.5,2026-02-16,9999-12-31,true
10460,Ausrüstung Model 460,Ausrüstung,premium,181.71,2024-01-01,2025-10-01,false
10460,Ausrüstung Model 460,Ausrüstung,mid,147.74,2025-10-01,2026-02-16,false
10460,Ausrüstung Model 460,Ausrüstung,premium,181.71,2026-02-16,9999-12-31,true
10461,Bekleidung Model 461,Bekleidung,premium,355.38,2024-01-01,9999-12-31,true
10462,Schuhe Model 462,Schuhe,mid,88.33,2024-01-01,9999-12-31,true
10463,Bekleidung Model 463,Bekleidung,budget,59.23,2024-01-01,9999-12-31,true
10464,Schuhe Model 464,Schuhe,mid,88.98,2024-01-01,2025-10-01,false
10464,Schuhe Model 464,Schuhe,premium,108.48,2025-10-01,2026-02-16,false
10464,Schuhe Model 464,Schuhe,mid,88.98,2026-02-16,9999-12-31,true
10465,Bekleidung Model 465,Bekleidung,budget,58.36,2024-01-01,2024-05-01,false
10465,Bekleidung Model 465,Bekleidung,mid,72.89,2024-05-01,2026-02-16,false
10465,Bekleidung Model 465,Bekleidung,budget,58.36,2026-02-16,9999-12-31,true
10466,Ausrüstung Model 466,Ausrüstung,mid,95.0,2024-01-01,9999-12-31,true
10467,Schuhe Model 467,Schuhe,premium,220.19,2024-01-01,9999-12-31,true
10468,Ausrüstung Model 468,Ausrüstung,premium,401.16,2024-01-01,9999-12-31,true
10469,Schuhe Model 469,Schuhe,mid,91.34,2024-01-01,9999-12-31,true
10470,Ausrüstung Model 470,Ausrüstung,mid,82.88,2024-01-01,9999-12-31,true
10471,Schuhe Model 471,Schuhe,mid,153.81,2024-01-01,9999-12-31,true
10472,Ausrüstung Model 472,Ausrüstung,mid,100.83,2024-01-01,2024-10-01,false
10472,Ausrüstung Model 472,Ausrüstung,premium,127.67,2024-10-01,2026-02-16,false
10472,Ausrüstung Model 472,Ausrüstung,mid,100.83,2026-02-16,9999-12-31,true
10473,Schuhe Model 473,Schuhe,mid,166.75,2024-01-01,9999-12-31,true
10474,Bekleidung Model 474,Bekleidung,mid,92.0,2024-01-01,9999-12-31,true
10475,Schuhe Model 475,Schuhe,budget,56.95,2024-01-01,2025-05-01,false
10475,Schuhe Model 475,Schuhe,mid,69.03,2025-05-01,2026-02-16,false
10475,Schuhe Model 475,Schuhe,budget,56.95,2026-02-16,9999-12-31,true
10476,Ausrüstung Model 476,Ausrüstung,premium,438.45,2024-01-01,2024-10-01,false
10476,Ausrüstung Model 476,Ausrüstung,mid,370.59,2024-10-01,2026-02-16,false
10476,Ausrüstung Model 476,Ausrüstung,premium,438.45,2026-02-16,9999-12-31,true
10477,Bekleidung Model 477,Bekleidung,premium,239.25,2024-01-01,9999-12-31,true
10478,Schuhe Model 478,Schuhe,mid,89.44,2024-01-01,9999-12-31,true
10479,Bekleidung Model 479,Bekleidung,budget,64.55,2024-01-01,9999-12-31,true
10480,Bekleidung Model 480,Bekleidung,mid,96.69,2024-01-01,2024-10-01,false
10480,Bekleidung Model 480,Bekleidung,premium,122.68,2024-10-01,2026-02-16,false
10480,Bekleidung Model 480,Bekleidung,mid,96.69,2026-02-16,9999-12-31,true
10481,Bekleidung Model 481,Bekleidung,mid,99.55,2024-01-01,2024-10-01,false
10481,Bekleidung Model 481,Bekleidung,premium,123.65,2024-10-01,2026-02-16,false
10481,Bekleidung Model 481,Bekleidung,mid,99.55,2026-02-16,9999-12-31,true
10482,Bekleidung Model 482,Bekleidung,mid,120.92,2024-01-01,9999-12-31,true
10483,Bekleidung Model 483,Bekleidung,premium,272.09,2024-01-01,9999-12-31,true
10484,Bekleidung Model 484,Bekleidung,budget,73.25,2024-01-01,9999-12-31,true
10485,Schuhe Model 485,Schuhe,mid,81.52,2024-01-01,2025-10-01,false
10485,Schuhe Model 485,Schuhe,premium,104.47,2025-10-01,2026-02-16,false
10485,Schuhe Model 485,Schuhe,mid,81.52,2026-02-16,9999-12-31,true
10486,Ausrüstung Model 486,Ausrüstung,budget,56.51,2024-01-01,2024-05-01,false
10486,Ausrüstung Model 486,Ausrüstung,mid,69.64,2024-05-01,2026-02-16,false
10486,Ausrüstung Model 486,Ausrüstung,budget,56.51,2026-02-16,9999-12-31,true
10487,Ausrüstung Model 487,Ausrüstung,mid,88.97,2024-01-01,9999-12-31,true
10488,Schuhe Model 488,Schuhe,mid,119.51,2024-01-01,9999-12-31,true
10489,Schuhe Model 489,Schuhe,premium,298.06,2024-01-01,9999-12-31,true
10490,Bekleidung Model 490,Bekleidung,budget,59.71,2024-01-01,2024-05-01,false
10490,Bekleidung Model 490,Bekleidung,mid,74.62,2024-05-01,2026-02-16,false
10490,Bekleidung Model 490,Bekleidung,budget,59.71,2026-02-16,9999-12-31,true
10491,Bekleidung Model 491,Bekleidung,mid,93.16,2024-01-01,2024-10-01,false
10491,Bekleidung Model 491,Bekleidung,premium,112.94,2024-10-01,2026-02-16,false
10491,Bekleidung Model 491,Bekleidung,mid,93.16,2026-02-16,9999-12-31,true
10492,Ausrüstung Model 492,Ausrüstung,mid,146.72,2024-01-01,9999-12-31,true
10493,Ausrüstung Model 493,Ausrüstung,premium,341.0,2024-01-01,9999-12-31,true
10494,Bekleidung Model 494,Bekleidung,premium,370.98,2024-01-01,2024-10-01,false
10494,Bekleidung Model 494,Bekleidung,mid,315.08,2024-10-01,2026-02-16,false
10494,Bekleidung Model 494,Bekleidung,premium,370.98,2026-02-16,9999-12-31,true
10495,Bekleidung Model 495,Bekleidung,budget,59.23,2024-01-01,2025-10-01,false
10495,Bekleidung Model 495,Bekleidung,mid,76.21,2025-10-01,2026-02-16,false
10495,Bekleidung Model 495,Bekleidung,budget,59.23,2026-02-16,9999-12-31,true
10496,Bekleidung Model 496,Bekleidung,budget,60.72,2024-01-01,2025-10-01,false
10496,Bekleidung Model 496,Bekleidung,mid,76.89,2025-10-01,2026-02-16,false
10496,Bekleidung Model 496,Bekleidung,budget,60.72,2026-02-16,9999-12-31,true
10497,Ausrüstung Model 497,Ausrüstung,premium,308.25,2024-01-01,2025-10-01,false
10497,Ausrüstung Model 497,Ausrüstung,mid,252.01,2025-10-01,2026-02-16,false
10497,Ausrüstung Model 497,Ausrüstung,premium,308.25,2026-02-16,9999-12-31,true
10498,Schuhe Model 498,Schuhe,mid,170.88,2024-01-01,2024-10-01,false
10498,Schuhe Model 498,Schuhe,budget,143.5,2024-10-01,2026-02-16,false
10498,Schuhe Model 498,Schuhe,mid,170.88,2026-02-16,9999-12-31,true
10499,Schuhe Model 499,Schuhe,premium,305.93,2024-01-01,9999-12-31,true
