date_day,shop_id,currency_code,daily_budget_revenue
2024-01-01,DE,EUR,11586.569677419355
2024-01-01,CH,CHF,2245.170322580645
2024-01-01,AT,EUR,3368.4990322580647
2024-01-02,DE,EUR,11586.569677419355
2024-01-02,CH,CHF,2245.170322580645
2024-01-02,AT,EUR,3368.4990322580647
2024-01-03,DE,EUR,11586.569677419355
2024-01-03,CH,CHF,2245.170322580645
2024-01-03,AT,EUR,3368.4990322580647
2024-01-04,DE,EUR,11586.569677419355
2024-01-04,CH,CHF,2245.170322580645
2024-01-04,AT,EUR,3368.4990322580647
2024-01-05,DE,EUR,11586.569677419355
2024-01-05,CH,CHF,2245.170322580645
2024-01-05,AT,EUR,3368.4990322580647
2024-01-06,DE,EUR,11586.569677419355
2024-01-06,CH,CHF,2245.170322580645
2024-01-06,AT,EUR,3368.4990322580647
2024-01-07,DE,EUR,11586.569677419355
2024-01-07,CH,CHF,2245.170322580645
2024-01-07,AT,EUR,3368.4990322580647
2024-01-08,DE,EUR,11586.569677419355
2024-01-08,CH,CHF,2245.170322580645
2024-01-08,AT,EUR,3368.4990322580647
2024-01-09,DE,EUR,11586.569677419355
2024-01-09,CH,CHF,2245.170322580645
2024-01-09,AT,EUR,3368.4990322580647
2024-01-10,DE,EUR,11586.569677419355
2024-01-10,CH,CHF,2245.170322580645
2024-01-10,AT,EUR,3368.4990322580647
2024-01-11,DE,EUR,11586.569677419355
2024-01-11,CH,CHF,2245.170322580645
2024-01-11,AT,EUR,3368.4990322580647
2024-01-12,DE,EUR,11586.569677419355
2024-01-12,CH,CHF,2245.170322580645
2024-01-12,AT,EUR,3368.4990322580647
2024-01-13,DE,EUR,11586.569677419355
2024-01-13,CH,CHF,2245.170322580645
2024-01-13,AT,EUR,3368.4990322580647
2024-01-14,DE,EUR,11586.569677419355
2024-01-14,CH,CHF,2245.170322580645
2024-01-14,AT,EUR,3368.4990322580647
2024-01-15,DE,EUR,11586.569677419355
2024-01-15,CH,CHF,2245.170322580645
2024-01-15,AT,EUR,3368.4990322580647
2024-01-16,DE,EUR,11586.569677419355
2024-01-16,CH,CHF,2245.170322580645
2024-01-16,AT,EUR,3368.4990322580647
2024-01-17,DE,EUR,11586.569677419355
2024-01-17,CH,CHF,2245.170322580645
2024-01-17,AT,EUR,3368.4990322580647
2024-01-18,DE,EUR,11586.569677419355
2024-01-18,CH,CHF,2245.170322580645
2024-01-18,AT,EUR,3368.4990322580647
2024-01-19,DE,EUR,11586.569677419355
2024-01-19,CH,CHF,2245.170322580645
2024-01-19,AT,EUR,3368.4990322580647
2024-01-20,DE,EUR,11586.569677419355
2024-01-20,CH,CHF,2245.170322580645
2024-01-20,AT,EUR,3368.4990322580647
2024-01-21,DE,EUR,11586.569677419355
2024-01-21,CH,CHF,2245.170322580645
2024-01-21,AT,EUR,3368.4990322580647
2024-01-22,DE,EUR,11586.569677419355
2024-01-22,CH,CHF,2245.170322580645
2024-01-22,AT,EUR,3368.4990322580647
2024-01-23,DE,EUR,11586.569677419355
2024-01-23,CH,CHF,2245.170322580645
2024-01-23,AT,EUR,3368.4990322580647
2024-01-24,DE,EUR,11586.569677419355
2024-01-24,CH,CHF,2245.170322580645
2024-01-24,AT,EUR,3368.4990322580647
2024-01-25,DE,EUR,11586.569677419355
2024-01-25,CH,CHF,2245.170322580645
2024-01-25,AT,EUR,3368.4990322580647
2024-01-26,DE,EUR,11586.569677419355
2024-01-26,CH,CHF,2245.170322580645
2024-01-26,AT,EUR,3368.4990322580647
2024-01-27,DE,EUR,11586.569677419355
2024-01-27,CH,CHF,2245.170322580645
2024-01-27,AT,EUR,3368.4990322580647
2024-01-28,DE,EUR,11586.569677419355
2024-01-28,CH,CHF,2245.170322580645
2024-01-28,AT,EUR,3368.4990322580647
2024-01-29,DE,EUR,11586.569677419355
2024-01-29,CH,CHF,2245.170322580645
2024-01-29,AT,EUR,3368.4990322580647
2024-01-30,DE,EUR,11586.569677419355
2024-01-30,CH,CHF,2245.170322580645
2024-01-30,AT,EUR,3368.4990322580647
2024-01-31,DE,EUR,11586.569677419355
2024-01-31,CH,CHF,2245.170322580645
2024-01-31,AT,EUR,3368.4990322580647
2024-02-01,DE,EUR,12039.653103448276
2024-02-01,CH,CHF,2594.675517241379
2024-02-01,AT,EUR,3902.776896551724
2024-02-02,DE,EUR,12039.653103448276
2024-02-02,CH,CHF,2594.675517241379
2024-02-02,AT,EUR,3902.776896551724
2024-02-03,DE,EUR,12039.653103448276
2024-02-03,CH,CHF,2594.675517241379
2024-02-03,AT,EUR,3902.776896551724
2024-02-04,DE,EUR,12039.653103448276
2024-02-04,CH,CHF,2594.675517241379
2024-02-04,AT,EUR,3902.776896551724
2024-02-05,DE,EUR,12039.653103448276
2024-02-05,CH,CHF,2594.675517241379
2024-02-05,AT,EUR,3902.776896551724
2024-02-06,DE,EUR,12039.653103448276
2024-02-06,CH,CHF,2594.675517241379
2024-02-06,AT,EUR,3902.776896551724
2024-02-07,DE,EUR,12039.653103448276
2024-02-07,CH,CHF,2594.675517241379
2024-02-07,AT,EUR,3902.776896551724
2024-02-08,DE,EUR,12039.653103448276
2024-02-08,CH,CHF,2594.675517241379
2024-02-08,AT,EUR,3902.776896551724
2024-02-09,DE,EUR,12039.653103448276
2024-02-09,CH,CHF,2594.675517241379
2024-02-09,AT,EUR,3902.776896551724
2024-02-10,DE,EUR,12039.653103448276
2024-02-10,CH,CHF,2594.675517241379
2024-02-10,AT,EUR,3902.776896551724
2024-02-11,DE,EUR,12039.653103448276
2024-02-11,CH,CHF,2594.675517241379
2024-02-11,AT,EUR,3902.776896551724
2024-02-12,DE,EUR,12039.653103448276
2024-02-12,CH,CHF,2594.675517241379
2024-02-12,AT,EUR,3902.776896551724
2024-02-13,DE,EUR,12039.653103448276
2024-02-13,CH,CHF,2594.675517241379
2024-02-13,AT,EUR,3902.776896551724
2024-02-14,DE,EUR,12039.653103448276
2024-02-14,CH,CHF,2594.675517241379
2024-02-14,AT,EUR,3902.776896551724
2024-02-15,DE,EUR,12039.653103448276
2024-02-15,CH,CHF,2594.675517241379
2024-02-15,AT,EUR,3902.776896551724
2024-02-16,DE,EUR,12039.653103448276
2024-02-16,CH,CHF,2594.675517241379
2024-02-16,AT,EUR,3902.776896551724
2024-02-17,DE,EUR,12039.653103448276
2024-02-17,CH,CHF,2594.675517241379
2024-02-17,AT,EUR,3902.776896551724
2024-02-18,DE,EUR,12039.653103448276
2024-02-18,CH,CHF,2594.675517241379
2024-02-18,AT,EUR,3902.776896551724
2024-02-19,DE,EUR,12039.653103448276
2024-02-19,CH,CHF,2594.675517241379
2024-02-19,AT,EUR,3902.776896551724
2024-02-20,DE,EUR,12039.653103448276
2024-02-20,CH,CHF,2594.675517241379
2024-02-20,AT,EUR,3902.776896551724
2024-02-21,DE,EUR,12039.653103448276
2024-02-21,CH,CHF,2594.675517241379
2024-02-21,AT,EUR,3902.776896551724
2024-02-22,DE,EUR,12039.653103448276
2024-02-22,CH,CHF,2594.675517241379
2024-02-22,AT,EUR,3902.776896551724
2024-02-23,DE,EUR,12039.653103448276
2024-02-23,CH,CHF,2594.675517241379
2024-02-23,AT,EUR,3902.776896551724
2024-02-24,DE,EUR,12039.653103448276
2024-02-24,CH,CHF,2594.675517241379
2024-02-24,AT,EUR,3902.776896551724
2024-02-25,DE,EUR,12039.653103448276
2024-02-25,CH,CHF,2594.675517241379
2024-02-25,AT,EUR,3902.776896551724
2024-02-26,DE,EUR,12039.653103448276
2024-02-26,CH,CHF,2594.675517241379
2024-02-26,AT,EUR,3902.776896551724
2024-02-27,DE,EUR,12039.653103448276
2024-02-27,CH,CHF,2594.675517241379
2024-02-27,AT,EUR,3902.776896551724
2024-02-28,DE,EUR,12039.653103448276
2024-02-28,CH,CHF,2594.675517241379
2024-02-28,AT,EUR,3902.776896551724
2024-02-29,DE,EUR,12039.653103448276
2024-02-29,CH,CHF,2594.675517241379
2024-02-29,AT,EUR,3902.776896551724
2024-03-01,DE,EUR,13133.11870967742
2024-03-01,CH,CHF,2172.841290322581
2024-03-01,AT,EUR,3561.2490322580647
2024-03-02,DE,EUR,13133.11870967742
2024-03-02,CH,CHF,2172.841290322581
2024-03-02,AT,EUR,3561.2490322580647
2024-03-03,DE,EUR,13133.11870967742
2024-03-03,CH,CHF,2172.841290322581
2024-03-03,AT,EUR,3561.2490322580647
2024-03-04,DE,EUR,13133.11870967742
2024-03-04,CH,CHF,2172.841290322581
2024-03-04,AT,EUR,3561.2490322580647
2024-03-05,DE,EUR,13133.11870967742
2024-03-05,CH,CHF,2172.841290322581
2024-03-05,AT,EUR,3561.2490322580647
2024-03-06,DE,EUR,13133.11870967742
2024-03-06,CH,CHF,2172.841290322581
2024-03-06,AT,EUR,3561.2490322580647
2024-03-07,DE,EUR,13133.11870967742
2024-03-07,CH,CHF,2172.841290322581
2024-03-07,AT,EUR,3561.2490322580647
2024-03-08,DE,EUR,13133.11870967742
2024-03-08,CH,CHF,2172.841290322581
2024-03-08,AT,EUR,3561.2490322580647
2024-03-09,DE,EUR,13133.11870967742
2024-03-09,CH,CHF,2172.841290322581
2024-03-09,AT,EUR,3561.2490322580647
2024-03-10,DE,EUR,13133.11870967742
2024-03-10,CH,CHF,2172.841290322581
2024-03-10,AT,EUR,3561.2490322580647
2024-03-11,DE,EUR,13133.11870967742
2024-03-11,CH,CHF,2172.841290322581
2024-03-11,AT,EUR,3561.2490322580647
2024-03-12,DE,EUR,13133.11870967742
2024-03-12,CH,CHF,2172.841290322581
2024-03-12,AT,EUR,3561.2490322580647
2024-03-13,DE,EUR,13133.11870967742
2024-03-13,CH,CHF,2172.841290322581
2024-03-13,AT,EUR,3561.2490322580647
2024-03-14,DE,EUR,13133.11870967742
2024-03-14,CH,CHF,2172.841290322581
2024-03-14,AT,EUR,3561.2490322580647
2024-03-15,DE,EUR,13133.11870967742
2024-03-15,CH,CHF,2172.841290322581
2024-03-15,AT,EUR,3561.2490322580647
2024-03-16,DE,EUR,13133.11870967742
2024-03-16,CH,CHF,2172.841290322581
2024-03-16,AT,EUR,3561.2490322580647
2024-03-17,DE,EUR,13133.11870967742
2024-03-17,CH,CHF,2172.841290322581
2024-03-17,AT,EUR,3561.2490322580647
2024-03-18,DE,EUR,13133.11870967742
2024-03-18,CH,CHF,2172.841290322581
2024-03-18,AT,EUR,3561.2490322580647
2024-03-19,DE,EUR,13133.11870967742
2024-03-19,CH,CHF,2172.841290322581
2024-03-19,AT,EUR,3561.2490322580647
2024-03-20,DE,EUR,13133.11870967742
2024-03-20,CH,CHF,2172.841290322581
2024-03-20,AT,EUR,3561.2490322580647
2024-03-21,DE,EUR,13133.11870967742
2024-03-21,CH,CHF,2172.841290322581
2024-03-21,AT,EUR,3561.2490322580647
2024-03-22,DE,EUR,13133.11870967742
2024-03-22,CH,CHF,2172.841290322581
2024-03-22,AT,EUR,3561.2490322580647
2024-03-23,DE,EUR,13133.11870967742
2024-03-23,CH,CHF,2172.841290322581
2024-03-23,AT,EUR,3561.2490322580647
2024-03-24,DE,EUR,13133.11870967742
2024-03-24,CH,CHF,2172.841290322581
2024-03-24,AT,EUR,3561.2490322580647
2024-03-25,DE,EUR,13133.11870967742
2024-03-25,CH,CHF,2172.841290322581
2024-03-25,AT,EUR,3561.2490322580647
2024-03-26,DE,EUR,13133.11870967742
2024-03-26,CH,CHF,2172.841290322581
2024-03-26,AT,EUR,3561.2490322580647
2024-03-27,DE,EUR,13133.11870967742
2024-03-27,CH,CHF,2172.841290322581
2024-03-27,AT,EUR,3561.2490322580647
2024-03-28,DE,EUR,13133.11870967742
2024-03-28,CH,CHF,2172.841290322581
2024-03-28,AT,EUR,3561.2490322580647
2024-03-29,DE,EUR,13133.11870967742
2024-03-29,CH,CHF,2172.841290322581
2024-03-29,AT,EUR,3561.2490322580647
2024-03-30,DE,EUR,13133.11870967742
2024-03-30,CH,CHF,2172.841290322581
2024-03-30,AT,EUR,3561.2490322580647
2024-03-31,DE,EUR,13133.11870967742
2024-03-31,CH,CHF,2172.841290322581
2024-03-31,AT,EUR,3561.2490322580647
2024-04-01,DE,EUR,10969.869
2024-04-01,CH,CHF,2557.0436666666665
2024-04-01,AT,EUR,3638.2383333333332
2024-04-02,DE,EUR,10969.869
2024-04-02,CH,CHF,2557.0436666666665
2024-04-02,AT,EUR,3638.2383333333332
2024-04-03,DE,EUR,10969.869
2024-04-03,CH,CHF,2557.0436666666665
2024-04-03,AT,EUR,3638.2383333333332
2024-04-04,DE,EUR,10969.869
2024-04-04,CH,CHF,2557.0436666666665
2024-04-04,AT,EUR,3638.2383333333332
2024-04-05,DE,EUR,10969.869
2024-04-05,CH,CHF,2557.0436666666665
2024-04-05,AT,EUR,3638.2383333333332
2024-04-06,DE,EUR,10969.869
2024-04-06,CH,CHF,2557.0436666666665
2024-04-06,AT,EUR,3638.2383333333332
2024-04-07,DE,EUR,10969.869
2024-04-07,CH,CHF,2557.0436666666665
2024-04-07,AT,EUR,3638.2383333333332
2024-04-08,DE,EUR,10969.869
2024-04-08,CH,CHF,2557.0436666666665
2024-04-08,AT,EUR,3638.2383333333332
2024-04-09,DE,EUR,10969.869
2024-04-09,CH,CHF,2557.0436666666665
2024-04-09,AT,EUR,3638.2383333333332
2024-04-10,DE,EUR,10969.869
2024-04-10,CH,CHF,2557.0436666666665
2024-04-10,AT,EUR,3638.2383333333332
2024-04-11,DE,EUR,10969.869
2024-04-11,CH,CHF,2557.0436666666665
2024-04-11,AT,EUR,3638.2383333333332
2024-04-12,DE,EUR,10969.869
2024-04-12,CH,CHF,2557.0436666666665
2024-04-12,AT,EUR,3638.2383333333332
2024-04-13,DE,EUR,10969.869
2024-04-13,CH,CHF,2557.0436666666665
2024-04-13,AT,EUR,3638.2383333333332
2024-04-14,DE,EUR,10969.869
2024-04-14,CH,CHF,2557.0436666666665
2024-04-14,AT,EUR,3638.2383333333332
2024-04-15,DE,EUR,10969.869
2024-04-15,CH,CHF,2557.0436666666665
2024-04-15,AT,EUR,3638.2383333333332
2024-04-16,DE,EUR,10969.869
2024-04-16,CH,CHF,2557.0436666666665
2024-04-16,AT,EUR,3638.2383333333332
2024-04-17,DE,EUR,10969.869
2024-04-17,CH,CHF,2557.0436666666665
2024-04-17,AT,EUR,3638.2383333333332
2024-04-18,DE,EUR,10969.869
2024-04-18,CH,CHF,2557.0436666666665
2024-04-18,AT,EUR,3638.2383333333332
2024-04-19,DE,EUR,10969.869
2024-04-19,CH,CHF,2557.0436666666665
2024-04-19,AT,EUR,3638.2383333333332
2024-04-20,DE,EUR,10969.869
2024-04-20,CH,CHF,2557.0436666666665
2024-04-20,AT,EUR,3638.2383333333332
2024-04-21,DE,EUR,10969.869
2024-04-21,CH,CHF,2557.0436666666665
2024-04-21,AT,EUR,3638.2383333333332
2024-04-22,DE,EUR,10969.869
2024-04-22,CH,CHF,2557.0436666666665
2024-04-22,AT,EUR,3638.2383333333332
2024-04-23,DE,EUR,10969.869
2024-04-23,CH,CHF,2557.0436666666665
2024-04-23,AT,EUR,3638.2383333333332
2024-04-24,DE,EUR,10969.869
2024-04-24,CH,CHF,2557.0436666666665
2024-04-24,AT,EUR,3638.2383333333332
2024-04-25,DE,EUR,10969.869
2024-04-25,CH,CHF,2557.0436666666665
2024-04-25,AT,EUR,3638.2383333333332
2024-04-26,DE,EUR,10969.869
2024-04-26,CH,CHF,2557.0436666666665
2024-04-26,AT,EUR,3638.2383333333332
2024-04-27,DE,EUR,10969.869
2024-04-27,CH,CHF,2557.0436666666665
2024-04-27,AT,EUR,3638.2383333333332
2024-04-28,DE,EUR,10969.869
2024-04-28,CH,CHF,2557.0436666666665
2024-04-28,AT,EUR,3638.2383333333332
2024-04-29,DE,EUR,10969.869
2024-04-29,CH,CHF,2557.0436666666665
2024-04-29,AT,EUR,3638.2383333333332
2024-04-30,DE,EUR,10969.869
2024-04-30,CH,CHF,2557.0436666666665
2024-04-30,AT,EUR,3638.2383333333332
2024-05-01,DE,EUR,12243.088387096774
2024-05-01,CH,CHF,2673.934516129032
2024-05-01,AT,EUR,3863.23
2024-05-02,DE,EUR,12243.088387096774
2024-05-02,CH,CHF,2673.934516129032
2024-05-02,AT,EUR,3863.23
2024-05-03,DE,EUR,12243.088387096774
2024-05-03,CH,CHF,2673.934516129032
2024-05-03,AT,EUR,3863.23
2024-05-04,DE,EUR,12243.088387096774
2024-05-04,CH,CHF,2673.934516129032
2024-05-04,AT,EUR,3863.23
2024-05-05,DE,EUR,12243.088387096774
2024-05-05,CH,CHF,2673.934516129032
2024-05-05,AT,EUR,3863.23
2024-05-06,DE,EUR,12243.088387096774
2024-05-06,CH,CHF,2673.934516129032
2024-05-06,AT,EUR,3863.23
2024-05-07,DE,EUR,12243.088387096774
2024-05-07,CH,CHF,2673.934516129032
2024-05-07,AT,EUR,3863.23
2024-05-08,DE,EUR,12243.088387096774
2024-05-08,CH,CHF,2673.934516129032
2024-05-08,AT,EUR,3863.23
2024-05-09,DE,EUR,12243.088387096774
2024-05-09,CH,CHF,2673.934516129032
2024-05-09,AT,EUR,3863.23
2024-05-10,DE,EUR,12243.088387096774
2024-05-10,CH,CHF,2673.934516129032
2024-05-10,AT,EUR,3863.23
2024-05-11,DE,EUR,12243.088387096774
2024-05-11,CH,CHF,2673.934516129032
2024-05-11,AT,EUR,3863.23
2024-05-12,DE,EUR,12243.088387096774
2024-05-12,CH,CHF,2673.934516129032
2024-05-12,AT,EUR,3863.23
2024-05-13,DE,EUR,12243.088387096774
2024-05-13,CH,CHF,2673.934516129032
2024-05-13,AT,EUR,3863.23
2024-05-14,DE,EUR,12243.088387096774
2024-05-14,CH,CHF,2673.934516129032
2024-05-14,AT,EUR,3863.23
2024-05-15,DE,EUR,12243.088387096774
2024-05-15,CH,CHF,2673.934516129032
2024-05-15,AT,EUR,3863.23
2024-05-16,DE,EUR,12243.088387096774
2024-05-16,CH,CHF,2673.934516129032
2024-05-16,AT,EUR,3863.23
2024-05-17,DE,EUR,12243.088387096774
2024-05-17,CH,CHF,2673.934516129032
2024-05-17,AT,EUR,3863.23
2024-05-18,DE,EUR,12243.088387096774
2024-05-18,CH,CHF,2673.934516129032
2024-05-18,AT,EUR,3863.23
2024-05-19,DE,EUR,12243.088387096774
2024-05-19,CH,CHF,2673.934516129032
2024-05-19,AT,EUR,3863.23
2024-05-20,DE,EUR,12243.088387096774
2024-05-20,CH,CHF,2673.934516129032
2024-05-20,AT,EUR,3863.23
2024-05-21,DE,EUR,12243.088387096774
2024-05-21,CH,CHF,2673.934516129032
2024-05-21,AT,EUR,3863.23
2024-05-22,DE,EUR,12243.088387096774
2024-05-22,CH,CHF,2673.934516129032
2024-05-22,AT,EUR,3863.23
2024-05-23,DE,EUR,12243.088387096774
2024-05-23,CH,CHF,2673.934516129032
2024-05-23,AT,EUR,3863.23
2024-05-24,DE,EUR,12243.088387096774
2024-05-24,CH,CHF,2673.934516129032
2024-05-24,AT,EUR,3863.23
2024-05-25,DE,EUR,12243.088387096774
2024-05-25,CH,CHF,2673.934516129032
2024-05-25,AT,EUR,3863.23
2024-05-26,DE,EUR,12243.088387096774
2024-05-26,CH,CHF,2673.934516129032
2024-05-26,AT,EUR,3863.23
2024-05-27,DE,EUR,12243.088387096774
2024-05-27,CH,CHF,2673.934516129032
2024-05-27,AT,EUR,3863.23
2024-05-28,DE,EUR,12243.088387096774
2024-05-28,CH,CHF,2673.934516129032
2024-05-28,AT,EUR,3863.23
2024-05-29,DE,EUR,12243.088387096774
2024-05-29,CH,CHF,2673.934516129032
2024-05-29,AT,EUR,3863.23
2024-05-30,DE,EUR,12243.088387096774
2024-05-30,CH,CHF,2673.934516129032
2024-05-30,AT,EUR,3863.23
2024-05-31,DE,EUR,12243.088387096774
2024-05-31,CH,CHF,2673.934516129032
2024-05-31,AT,EUR,3863.23
2024-06-01,DE,EUR,13077.082
2024-06-01,CH,CHF,2383.6406666666667
2024-06-01,AT,EUR,3892.6953333333336
2024-06-02,DE,EUR,13077.082
2024-06-02,CH,CHF,2383.6406666666667
2024-06-02,AT,EUR,3892.6953333333336
2024-06-03,DE,EUR,13077.082
2024-06-03,CH,CHF,2383.6406666666667
2024-06-03,AT,EUR,3892.6953333333336
2024-06-04,DE,EUR,13077.082
2024-06-04,CH,CHF,2383.6406666666667
2024-06-04,AT,EUR,3892.6953333333336
2024-06-05,DE,EUR,13077.082
2024-06-05,CH,CHF,2383.6406666666667
2024-06-05,AT,EUR,3892.6953333333336
2024-06-06,DE,EUR,13077.082
2024-06-06,CH,CHF,2383.6406666666667
2024-06-06,AT,EUR,3892.6953333333336
2024-06-07,DE,EUR,13077.082
2024-06-07,CH,CHF,2383.6406666666667
2024-06-07,AT,EUR,3892.6953333333336
2024-06-08,DE,EUR,13077.082
2024-06-08,CH,CHF,2383.6406666666667
2024-06-08,AT,EUR,3892.6953333333336
2024-06-09,DE,EUR,13077.082
2024-06-09,CH,CHF,2383.6406666666667
2024-06-09,AT,EUR,3892.6953333333336
2024-06-10,DE,EUR,13077.082
2024-06-10,CH,CHF,2383.6406666666667
2024-06-10,AT,EUR,3892.6953333333336
2024-06-11,DE,EUR,13077.082
2024-06-11,CH,CHF,2383.6406666666667
2024-06-11,AT,EUR,3892.6953333333336
2024-06-12,DE,EUR,13077.082
2024-06-12,CH,CHF,2383.6406666666667
2024-06-12,AT,EUR,3892.6953333333336
2024-06-13,DE,EUR,13077.082
2024-06-13,CH,CHF,2383.6406666666667
2024-06-13,AT,EUR,3892.6953333333336
2024-06-14,DE,EUR,13077.082
2024-06-14,CH,CHF,2383.6406666666667
2024-06-14,AT,EUR,3892.6953333333336
2024-06-15,DE,EUR,13077.082
2024-06-15,CH,CHF,2383.6406666666667
2024-06-15,AT,EUR,3892.6953333333336
2024-06-16,DE,EUR,13077.082
2024-06-16,CH,CHF,2383.6406666666667
2024-06-16,AT,EUR,3892.6953333333336
2024-06-17,DE,EUR,13077.082
2024-06-17,CH,CHF,2383.6406666666667
2024-06-17,AT,EUR,3892.6953333333336
2024-06-18,DE,EUR,13077.082
2024-06-18,CH,CHF,2383.6406666666667
2024-06-18,AT,EUR,3892.6953333333336
2024-06-19,DE,EUR,13077.082
2024-06-19,CH,CHF,2383.6406666666667
2024-06-19,AT,EUR,3892.6953333333336
2024-06-20,DE,EUR,13077.082
2024-06-20,CH,CHF,2383.6406666666667
2024-06-20,AT,EUR,3892.6953333333336
2024-06-21,DE,EUR,13077.082
2024-06-21,CH,CHF,2383.6406666666667
2024-06-21,AT,EUR,3892.6953333333336
2024-06-22,DE,EUR,13077.082
2024-06-22,CH,CHF,2383.6406666666667
2024-06-22,AT,EUR,3892.6953333333336
2024-06-23,DE,EUR,13077.082
2024-06-23,CH,CHF,2383.6406666666667
2024-06-23,AT,EUR,3892.6953333333336
2024-06-24,DE,EUR,13077.082
2024-06-24,CH,CHF,2383.6406666666667
2024-06-24,AT,EUR,3892.6953333333336
2024-06-25,DE,EUR,13077.082
2024-06-25,CH,CHF,2383.6406666666667
2024-06-25,AT,EUR,3892.6953333333336
2024-06-26,DE,EUR,13077.082
2024-06-26,CH,CHF,2383.6406666666667
2024-06-26,AT,EUR,3892.6953333333336
2024-06-27,DE,EUR,13077.082
2024-06-27,CH,CHF,2383.6406666666667
2024-06-27,AT,EUR,3892.6953333333336
2024-06-28,DE,EUR,13077.082
2024-06-28,CH,CHF,2383.6406666666667
2024-06-28,AT,EUR,3892.6953333333336
2024-06-29,DE,EUR,13077.082
2024-06-29,CH,CHF,2383.6406666666667
2024-06-29,AT,EUR,3892.6953333333336
2024-06-30,DE,EUR,13077.082
2024-06-30,CH,CHF,2383.6406666666667
2024-06-30,AT,EUR,3892.6953333333336
2024-07-01,DE,EUR,15976.206451612905
2024-07-01,CH,CHF,3301.7103225806454
2024-07-01,AT,EUR,4688.262903225806
2024-07-02,DE,EUR,15976.206451612905
2024-07-02,CH,CHF,3301.7103225806454
2024-07-02,AT,EUR,4688.262903225806
2024-07-03,DE,EUR,15976.206451612905
2024-07-03,CH,CHF,3301.7103225806454
2024-07-03,AT,EUR,4688.262903225806
2024-07-04,DE,EUR,15976.206451612905
2024-07-04,CH,CHF,3301.7103225806454
2024-07-04,AT,EUR,4688.262903225806
2024-07-05,DE,EUR,15976.206451612905
2024-07-05,CH,CHF,3301.7103225806454
2024-07-05,AT,EUR,4688.262903225806
2024-07-06,DE,EUR,15976.206451612905
2024-07-06,CH,CHF,3301.7103225806454
2024-07-06,AT,EUR,4688.262903225806
2024-07-07,DE,EUR,15976.206451612905
2024-07-07,CH,CHF,3301.7103225806454
2024-07-07,AT,EUR,4688.262903225806
2024-07-08,DE,EUR,15976.206451612905
2024-07-08,CH,CHF,3301.7103225806454
2024-07-08,AT,EUR,4688.262903225806
2024-07-09,DE,EUR,15976.206451612905
2024-07-09,CH,CHF,3301.7103225806454
2024-07-09,AT,EUR,4688.262903225806
2024-07-10,DE,EUR,15976.206451612905
2024-07-10,CH,CHF,3301.7103225806454
2024-07-10,AT,EUR,4688.262903225806
2024-07-11,DE,EUR,15976.206451612905
2024-07-11,CH,CHF,3301.7103225806454
2024-07-11,AT,EUR,4688.262903225806
2024-07-12,DE,EUR,15976.206451612905
2024-07-12,CH,CHF,3301.7103225806454
2024-07-12,AT,EUR,4688.262903225806
2024-07-13,DE,EUR,15976.206451612905
2024-07-13,CH,CHF,3301.7103225806454
2024-07-13,AT,EUR,4688.262903225806
2024-07-14,DE,EUR,15976.206451612905
2024-07-14,CH,CHF,3301.7103225806454
2024-07-14,AT,EUR,4688.262903225806
2024-07-15,DE,EUR,15976.206451612905
2024-07-15,CH,CHF,3301.7103225806454
2024-07-15,AT,EUR,4688.262903225806
2024-07-16,DE,EUR,15976.206451612905
2024-07-16,CH,CHF,3301.7103225806454
2024-07-16,AT,EUR,4688.262903225806
2024-07-17,DE,EUR,15976.206451612905
2024-07-17,CH,CHF,3301.7103225806454
2024-07-17,AT,EUR,4688.262903225806
2024-07-18,DE,EUR,15976.206451612905
2024-07-18,CH,CHF,3301.7103225806454
2024-07-18,AT,EUR,4688.262903225806
2024-07-19,DE,EUR,15976.206451612905
2024-07-19,CH,CHF,3301.7103225806454
2024-07-19,AT,EUR,4688.262903225806
2024-07-20,DE,EUR,15976.206451612905
2024-07-20,CH,CHF,3301.7103225806454
2024-07-20,AT,EUR,4688.262903225806
2024-07-21,DE,EUR,15976.206451612905
2024-07-21,CH,CHF,3301.7103225806454
2024-07-21,AT,EUR,4688.262903225806
2024-07-22,DE,EUR,15976.206451612905
2024-07-22,CH,CHF,3301.7103225806454
2024-07-22,AT,EUR,4688.262903225806
2024-07-23,DE,EUR,15976.206451612905
2024-07-23,CH,CHF,3301.7103225806454
2024-07-23,AT,EUR,4688.262903225806
2024-07-24,DE,EUR,15976.206451612905
2024-07-24,CH,CHF,3301.7103225806454
2024-07-24,AT,EUR,4688.262903225806
2024-07-25,DE,EUR,15976.206451612905
2024-07-25,CH,CHF,3301.7103225806454
2024-07-25,AT,EUR,4688.262903225806
2024-07-26,DE,EUR,15976.206451612905
2024-07-26,CH,CHF,3301.7103225806454
2024-07-26,AT,EUR,4688.262903225806
2024-07-27,DE,EUR,15976.206451612905
2024-07-27,CH,CHF,3301.7103225806454
2024-07-27,AT,EUR,4688.262903225806
2024-07-28,DE,EUR,15976.206451612905
2024-07-28,CH,CHF,3301.7103225806454
2024-07-28,AT,EUR,4688.262903225806
2024-07-29,DE,EUR,15976.206451612905
2024-07-29,CH,CHF,3301.7103225806454
2024-07-29,AT,EUR,4688.262903225806
2024-07-30,DE,EUR,15976.206451612905
2024-07-30,CH,CHF,3301.7103225806454
2024-07-30,AT,EUR,4688.262903225806
2024-07-31,DE,EUR,15976.206451612905
2024-07-31,CH,CHF,3301.7103225806454
2024-07-31,AT,EUR,4688.262903225806
2024-08-01,DE,EUR,12719.550645161291
2024-08-01,CH,CHF,2599.027419354839
2024-08-01,AT,EUR,3856.0867741935485
2024-08-02,DE,EUR,12719.550645161291
2024-08-02,CH,CHF,2599.027419354839
2024-08-02,AT,EUR,3856.0867741935485
2024-08-03,DE,EUR,12719.550645161291
2024-08-03,CH,CHF,2599.027419354839
2024-08-03,AT,EUR,3856.0867741935485
2024-08-04,DE,EUR,12719.550645161291
2024-08-04,CH,CHF,2599.027419354839
2024-08-04,AT,EUR,3856.0867741935485
2024-08-05,DE,EUR,12719.550645161291
2024-08-05,CH,CHF,2599.027419354839
2024-08-05,AT,EUR,3856.0867741935485
2024-08-06,DE,EUR,12719.550645161291
2024-08-06,CH,CHF,2599.027419354839
2024-08-06,AT,EUR,3856.0867741935485
2024-08-07,DE,EUR,12719.550645161291
2024-08-07,CH,CHF,2599.027419354839
2024-08-07,AT,EUR,3856.0867741935485
2024-08-08,DE,EUR,12719.550645161291
2024-08-08,CH,CHF,2599.027419354839
2024-08-08,AT,EUR,3856.0867741935485
2024-08-09,DE,EUR,12719.550645161291
2024-08-09,CH,CHF,2599.027419354839
2024-08-09,AT,EUR,3856.0867741935485
2024-08-10,DE,EUR,12719.550645161291
2024-08-10,CH,CHF,2599.027419354839
2024-08-10,AT,EUR,3856.0867741935485
2024-08-11,DE,EUR,12719.550645161291
2024-08-11,CH,CHF,2599.027419354839
2024-08-11,AT,EUR,3856.0867741935485
2024-08-12,DE,EUR,12719.550645161291
2024-08-12,CH,CHF,2599.027419354839
2024-08-12,AT,EUR,3856.0867741935485
2024-08-13,DE,EUR,12719.550645161291
2024-08-13,CH,CHF,2599.027419354839
2024-08-13,AT,EUR,3856.0867741935485
2024-08-14,DE,EUR,12719.550645161291
2024-08-14,CH,CHF,2599.027419354839
2024-08-14,AT,EUR,3856.0867741935485
2024-08-15,DE,EUR,12719.550645161291
2024-08-15,CH,CHF,2599.027419354839
2024-08-15,AT,EUR,3856.0867741935485
2024-08-16,DE,EUR,12719.550645161291
2024-08-16,CH,CHF,2599.027419354839
2024-08-16,AT,EUR,3856.0867741935485
2024-08-17,DE,EUR,12719.550645161291
2024-08-17,CH,CHF,2599.027419354839
2024-08-17,AT,EUR,3856.0867741935485
2024-08-18,DE,EUR,12719.550645161291
2024-08-18,CH,CHF,2599.027419354839
2024-08-18,AT,EUR,3856.0867741935485
2024-08-19,DE,EUR,12719.550645161291
2024-08-19,CH,CHF,2599.027419354839
2024-08-19,AT,EUR,3856.0867741935485
2024-08-20,DE,EUR,12719.550645161291
2024-08-20,CH,CHF,2599.027419354839
2024-08-20,AT,EUR,3856.0867741935485
2024-08-21,DE,EUR,12719.550645161291
2024-08-21,CH,CHF,2599.027419354839
2024-08-21,AT,EUR,3856.0867741935485
2024-08-22,DE,EUR,12719.550645161291
2024-08-22,CH,CHF,2599.027419354839
2024-08-22,AT,EUR,3856.0867741935485
2024-08-23,DE,EUR,12719.550645161291
2024-08-23,CH,CHF,2599.027419354839
2024-08-23,AT,EUR,3856.0867741935485
2024-08-24,DE,EUR,12719.550645161291
2024-08-24,CH,CHF,2599.027419354839
2024-08-24,AT,EUR,3856.0867741935485
2024-08-25,DE,EUR,12719.550645161291
2024-08-25,CH,CHF,2599.027419354839
2024-08-25,AT,EUR,3856.0867741935485
2024-08-26,DE,EUR,12719.550645161291
2024-08-26,CH,CHF,2599.027419354839
2024-08-26,AT,EUR,3856.0867741935485
2024-08-27,DE,EUR,12719.550645161291
2024-08-27,CH,CHF,2599.027419354839
2024-08-27,AT,EUR,3856.0867741935485
2024-08-28,DE,EUR,12719.550645161291
2024-08-28,CH,CHF,2599.027419354839
2024-08-28,AT,EUR,3856.0867741935485
2024-08-29,DE,EUR,12719.550645161291
2024-08-29,CH,CHF,2599.027419354839
2024-08-29,AT,EUR,3856.0867741935485
2024-08-30,DE,EUR,12719.550645161291
2024-08-30,CH,CHF,2599.027419354839
2024-08-30,AT,EUR,3856.0867741935485
2024-08-31,DE,EUR,12719.550645161291
2024-08-31,CH,CHF,2599.027419354839
2024-08-31,AT,EUR,3856.0867741935485
2024-09-01,DE,EUR,12632.183333333332
2024-09-01,CH,CHF,2528.6903333333335
2024-09-01,AT,EUR,3854.648333333333
2024-09-02,DE,EUR,12632.183333333332
2024-09-02,CH,CHF,2528.6903333333335
2024-09-02,AT,EUR,3854.648333333333
2024-09-03,DE,EUR,12632.183333333332
2024-09-03,CH,CHF,2528.6903333333335
2024-09-03,AT,EUR,3854.648333333333
2024-09-04,DE,EUR,12632.183333333332
2024-09-04,CH,CHF,2528.6903333333335
2024-09-04,AT,EUR,3854.648333333333
2024-09-05,DE,EUR,12632.183333333332
2024-09-05,CH,CHF,2528.6903333333335
2024-09-05,AT,EUR,3854.648333333333
2024-09-06,DE,EUR,12632.183333333332
2024-09-06,CH,CHF,2528.6903333333335
2024-09-06,AT,EUR,3854.648333333333
2024-09-07,DE,EUR,12632.183333333332
2024-09-07,CH,CHF,2528.6903333333335
2024-09-07,AT,EUR,3854.648333333333
2024-09-08,DE,EUR,12632.183333333332
2024-09-08,CH,CHF,2528.6903333333335
2024-09-08,AT,EUR,3854.648333333333
2024-09-09,DE,EUR,12632.183333333332
2024-09-09,CH,CHF,2528.6903333333335
2024-09-09,AT,EUR,3854.648333333333
2024-09-10,DE,EUR,12632.183333333332
2024-09-10,CH,CHF,2528.6903333333335
2024-09-10,AT,EUR,3854.648333333333
2024-09-11,DE,EUR,12632.183333333332
2024-09-11,CH,CHF,2528.6903333333335
2024-09-11,AT,EUR,3854.648333333333
2024-09-12,DE,EUR,12632.183333333332
2024-09-12,CH,CHF,2528.6903333333335
2024-09-12,AT,EUR,3854.648333333333
2024-09-13,DE,EUR,12632.183333333332
2024-09-13,CH,CHF,2528.6903333333335
2024-09-13,AT,EUR,3854.648333333333
2024-09-14,DE,EUR,12632.183333333332
2024-09-14,CH,CHF,2528.6903333333335
2024-09-14,AT,EUR,3854.648333333333
2024-09-15,DE,EUR,12632.183333333332
2024-09-15,CH,CHF,2528.6903333333335
2024-09-15,AT,EUR,3854.648333333333
2024-09-16,DE,EUR,12632.183333333332
2024-09-16,CH,CHF,2528.6903333333335
2024-09-16,AT,EUR,3854.648333333333
2024-09-17,DE,EUR,12632.183333333332
2024-09-17,CH,CHF,2528.6903333333335
2024-09-17,AT,EUR,3854.648333333333
2024-09-18,DE,EUR,12632.183333333332
2024-09-18,CH,CHF,2528.6903333333335
2024-09-18,AT,EUR,3854.648333333333
2024-09-19,DE,EUR,12632.183333333332
2024-09-19,CH,CHF,2528.6903333333335
2024-09-19,AT,EUR,3854.648333333333
2024-09-20,DE,EUR,12632.183333333332
2024-09-20,CH,CHF,2528.6903333333335
2024-09-20,AT,EUR,3854.648333333333
2024-09-21,DE,EUR,12632.183333333332
2024-09-21,CH,CHF,2528.6903333333335
2024-09-21,AT,EUR,3854.648333333333
2024-09-22,DE,EUR,12632.183333333332
2024-09-22,CH,CHF,2528.6903333333335
2024-09-22,AT,EUR,3854.648333333333
2024-09-23,DE,EUR,12632.183333333332
2024-09-23,CH,CHF,2528.6903333333335
2024-09-23,AT,EUR,3854.648333333333
2024-09-24,DE,EUR,12632.183333333332
2024-09-24,CH,CHF,2528.6903333333335
2024-09-24,AT,EUR,3854.648333333333
2024-09-25,DE,EUR,12632.183333333332
2024-09-25,CH,CHF,2528.6903333333335
2024-09-25,AT,EUR,3854.648333333333
2024-09-26,DE,EUR,12632.183333333332
2024-09-26,CH,CHF,2528.6903333333335
2024-09-26,AT,EUR,3854.648333333333
2024-09-27,DE,EUR,12632.183333333332
2024-09-27,CH,CHF,2528.6903333333335
2024-09-27,AT,EUR,3854.648333333333
2024-09-28,DE,EUR,12632.183333333332
2024-09-28,CH,CHF,2528.6903333333335
2024-09-28,AT,EUR,3854.648333333333
2024-09-29,DE,EUR,12632.183333333332
2024-09-29,CH,CHF,2528.6903333333335
2024-09-29,AT,EUR,3854.648333333333
2024-09-30,DE,EUR,12632.183333333332
2024-09-30,CH,CHF,2528.6903333333335
2024-09-30,AT,EUR,3854.648333333333
2024-10-01,DE,EUR,13481.73129032258
2024-10-01,CH,CHF,2815.7103225806454
2024-10-01,AT,EUR,3913.0577419354836
2024-10-02,DE,EUR,13481.73129032258
2024-10-02,CH,CHF,2815.7103225806454
2024-10-02,AT,EUR,3913.0577419354836
2024-10-03,DE,EUR,13481.73129032258
2024-10-03,CH,CHF,2815.7103225806454
2024-10-03,AT,EUR,3913.0577419354836
2024-10-04,DE,EUR,13481.73129032258
2024-10-04,CH,CHF,2815.7103225806454
2024-10-04,AT,EUR,3913.0577419354836
2024-10-05,DE,EUR,13481.73129032258
2024-10-05,CH,CHF,2815.7103225806454
2024-10-05,AT,EUR,3913.0577419354836
2024-10-06,DE,EUR,13481.73129032258
2024-10-06,CH,CHF,2815.7103225806454
2024-10-06,AT,EUR,3913.0577419354836
2024-10-07,DE,EUR,13481.73129032258
2024-10-07,CH,CHF,2815.7103225806454
2024-10-07,AT,EUR,3913.0577419354836
2024-10-08,DE,EUR,13481.73129032258
2024-10-08,CH,CHF,2815.7103225806454
2024-10-08,AT,EUR,3913.0577419354836
2024-10-09,DE,EUR,13481.73129032258
2024-10-09,CH,CHF,2815.7103225806454
2024-10-09,AT,EUR,3913.0577419354836
2024-10-10,DE,EUR,13481.73129032258
2024-10-10,CH,CHF,2815.7103225806454
2024-10-10,AT,EUR,3913.0577419354836
2024-10-11,DE,EUR,13481.73129032258
2024-10-11,CH,CHF,2815.7103225806454
2024-10-11,AT,EUR,3913.0577419354836
2024-10-12,DE,EUR,13481.73129032258
2024-10-12,CH,CHF,2815.7103225806454
2024-10-12,AT,EUR,3913.0577419354836
2024-10-13,DE,EUR,13481.73129032258
2024-10-13,CH,CHF,2815.7103225806454
2024-10-13,AT,EUR,3913.0577419354836
2024-10-14,DE,EUR,13481.73129032258
2024-10-14,CH,CHF,2815.7103225806454
2024-10-14,AT,EUR,3913.0577419354836
2024-10-15,DE,EUR,13481.73129032258
2024-10-15,CH,CHF,2815.7103225806454
2024-10-15,AT,EUR,3913.0577419354836
2024-10-16,DE,EUR,13481.73129032258
2024-10-16,CH,CHF,2815.7103225806454
2024-10-16,AT,EUR,3913.0577419354836
2024-10-17,DE,EUR,13481.73129032258
2024-10-17,CH,CHF,2815.7103225806454
2024-10-17,AT,EUR,3913.0577419354836
2024-10-18,DE,EUR,13481.73129032258
2024-10-18,CH,CHF,2815.7103225806454
2024-10-18,AT,EUR,3913.0577419354836
2024-10-19,DE,EUR,13481.73129032258
2024-10-19,CH,CHF,2815.7103225806454
2024-10-19,AT,EUR,3913.0577419354836
2024-10-20,DE,EUR,13481.73129032258
2024-10-20,CH,CHF,2815.7103225806454
2024-10-20,AT,EUR,3913.0577419354836
2024-10-21,DE,EUR,13481.73129032258
2024-10-21,CH,CHF,2815.7103225806454
2024-10-21,AT,EUR,3913.0577419354836
2024-10-22,DE,EUR,13481.73129032258
2024-10-22,CH,CHF,2815.7103225806454
2024-10-22,AT,EUR,3913.0577419354836
2024-10-23,DE,EUR,13481.73129032258
2024-10-23,CH,CHF,2815.7103225806454
2024-10-23,AT,EUR,3913.0577419354836
2024-10-24,DE,EUR,13481.73129032258
2024-10-24,CH,CHF,2815.7103225806454
2024-10-24,AT,EUR,3913.0577419354836
2024-10-25,DE,EUR,13481.73129032258
2024-10-25,CH,CHF,2815.7103225806454
2024-10-25,AT,EUR,3913.0577419354836
2024-10-26,DE,EUR,13481.73129032258
2024-10-26,CH,CHF,2815.7103225806454
2024-10-26,AT,EUR,3913.0577419354836
2024-10-27,DE,EUR,13481.73129032258
2024-10-27,CH,CHF,2815.7103225806454
2024-10-27,AT,EUR,3913.0577419354836
2024-10-28,DE,EUR,13481.73129032258
2024-10-28,CH,CHF,2815.7103225806454
2024-10-28,AT,EUR,3913.0577419354836
2024-10-29,DE,EUR,13481.73129032258
2024-10-29,CH,CHF,2815.7103225806454
2024-10-29,AT,EUR,3913.0577419354836
2024-10-30,DE,EUR,13481.73129032258
2024-10-30,CH,CHF,2815.7103225806454
2024-10-30,AT,EUR,3913.0577419354836
2024-10-31,DE,EUR,13481.73129032258
2024-10-31,CH,CHF,2815.7103225806454
2024-10-31,AT,EUR,3913.0577419354836
2024-11-01,DE,EUR,19638.319
2024-11-01,CH,CHF,3839.2183333333332
2024-11-01,AT,EUR,5504.683
2024-11-02,DE,EUR,19638.319
2024-11-02,CH,CHF,3839.2183333333332
2024-11-02,AT,EUR,5504.683
2024-11-03,DE,EUR,19638.319
2024-11-03,CH,CHF,3839.2183333333332
2024-11-03,AT,EUR,5504.683
2024-11-04,DE,EUR,19638.319
2024-11-04,CH,CHF,3839.2183333333332
2024-11-04,AT,EUR,5504.683
2024-11-05,DE,EUR,19638.319
2024-11-05,CH,CHF,3839.2183333333332
2024-11-05,AT,EUR,5504.683
2024-11-06,DE,EUR,19638.319
2024-11-06,CH,CHF,3839.2183333333332
2024-11-06,AT,EUR,5504.683
2024-11-07,DE,EUR,19638.319
2024-11-07,CH,CHF,3839.2183333333332
2024-11-07,AT,EUR,5504.683
2024-11-08,DE,EUR,19638.319
2024-11-08,CH,CHF,3839.2183333333332
2024-11-08,AT,EUR,5504.683
2024-11-09,DE,EUR,19638.319
2024-11-09,CH,CHF,3839.2183333333332
2024-11-09,AT,EUR,5504.683
2024-11-10,DE,EUR,19638.319
2024-11-10,CH,CHF,3839.2183333333332
2024-11-10,AT,EUR,5504.683
2024-11-11,DE,EUR,19638.319
2024-11-11,CH,CHF,3839.2183333333332
2024-11-11,AT,EUR,5504.683
2024-11-12,DE,EUR,19638.319
2024-11-12,CH,CHF,3839.2183333333332
2024-11-12,AT,EUR,5504.683
2024-11-13,DE,EUR,19638.319
2024-11-13,CH,CHF,3839.2183333333332
2024-11-13,AT,EUR,5504.683
2024-11-14,DE,EUR,19638.319
2024-11-14,CH,CHF,3839.2183333333332
2024-11-14,AT,EUR,5504.683
2024-11-15,DE,EUR,19638.319
2024-11-15,CH,CHF,3839.2183333333332
2024-11-15,AT,EUR,5504.683
2024-11-16,DE,EUR,19638.319
2024-11-16,CH,CHF,3839.2183333333332
2024-11-16,AT,EUR,5504.683
2024-11-17,DE,EUR,19638.319
2024-11-17,CH,CHF,3839.2183333333332
2024-11-17,AT,EUR,5504.683
2024-11-18,DE,EUR,19638.319
2024-11-18,CH,CHF,3839.2183333333332
2024-11-18,AT,EUR,5504.683
2024-11-19,DE,EUR,19638.319
2024-11-19,CH,CHF,3839.2183333333332
2024-11-19,AT,EUR,5504.683
2024-11-20,DE,EUR,19638.319
2024-11-20,CH,CHF,3839.2183333333332
2024-11-20,AT,EUR,5504.683
2024-11-21,DE,EUR,19638.319
2024-11-21,CH,CHF,3839.2183333333332
2024-11-21,AT,EUR,5504.683
2024-11-22,DE,EUR,19638.319
2024-11-22,CH,CHF,3839.2183333333332
2024-11-22,AT,EUR,5504.683
2024-11-23,DE,EUR,19638.319
2024-11-23,CH,CHF,3839.2183333333332
2024-11-23,AT,EUR,5504.683
2024-11-24,DE,EUR,19638.319
2024-11-24,CH,CHF,3839.2183333333332
2024-11-24,AT,EUR,5504.683
2024-11-25,DE,EUR,19638.319
2024-11-25,CH,CHF,3839.2183333333332
2024-11-25,AT,EUR,5504.683
2024-11-26,DE,EUR,19638.319
2024-11-26,CH,CHF,3839.2183333333332
2024-11-26,AT,EUR,5504.683
2024-11-27,DE,EUR,19638.319
2024-11-27,CH,CHF,3839.2183333333332
2024-11-27,AT,EUR,5504.683
2024-11-28,DE,EUR,19638.319
2024-11-28,CH,CHF,3839.2183333333332
2024-11-28,AT,EUR,5504.683
2024-11-29,DE,EUR,19638.319
2024-11-29,CH,CHF,3839.2183333333332
2024-11-29,AT,EUR,5504.683
2024-11-30,DE,EUR,19638.319
2024-11-30,CH,CHF,3839.2183333333332
2024-11-30,AT,EUR,5504.683
2024-12-01,DE,EUR,17981.034838709675
2024-12-01,CH,CHF,3241.372580645161
2024-12-01,AT,EUR,5546.451935483871
2024-12-02,DE,EUR,17981.034838709675
2024-12-02,CH,CHF,3241.372580645161
2024-12-02,AT,EUR,5546.451935483871
2024-12-03,DE,EUR,17981.034838709675
2024-12-03,CH,CHF,3241.372580645161
2024-12-03,AT,EUR,5546.451935483871
2024-12-04,DE,EUR,17981.034838709675
2024-12-04,CH,CHF,3241.372580645161
2024-12-04,AT,EUR,5546.451935483871
2024-12-05,DE,EUR,17981.034838709675
2024-12-05,CH,CHF,3241.372580645161
2024-12-05,AT,EUR,5546.451935483871
2024-12-06,DE,EUR,17981.034838709675
2024-12-06,CH,CHF,3241.372580645161
2024-12-06,AT,EUR,5546.451935483871
2024-12-07,DE,EUR,17981.034838709675
2024-12-07,CH,CHF,3241.372580645161
2024-12-07,AT,EUR,5546.451935483871
2024-12-08,DE,EUR,17981.034838709675
2024-12-08,CH,CHF,3241.372580645161
2024-12-08,AT,EUR,5546.451935483871
2024-12-09,DE,EUR,17981.034838709675
2024-12-09,CH,CHF,3241.372580645161
2024-12-09,AT,EUR,5546.451935483871
2024-12-10,DE,EUR,17981.034838709675
2024-12-10,CH,CHF,3241.372580645161
2024-12-10,AT,EUR,5546.451935483871
2024-12-11,DE,EUR,17981.034838709675
2024-12-11,CH,CHF,3241.372580645161
2024-12-11,AT,EUR,5546.451935483871
2024-12-12,DE,EUR,17981.034838709675
2024-12-12,CH,CHF,3241.372580645161
2024-12-12,AT,EUR,5546.451935483871
2024-12-13,DE,EUR,17981.034838709675
2024-12-13,CH,CHF,3241.372580645161
2024-12-13,AT,EUR,5546.451935483871
2024-12-14,DE,EUR,17981.034838709675
2024-12-14,CH,CHF,3241.372580645161
2024-12-14,AT,EUR,5546.451935483871
2024-12-15,DE,EUR,17981.034838709675
2024-12-15,CH,CHF,3241.372580645161
2024-12-15,AT,EUR,5546.451935483871
2024-12-16,DE,EUR,17981.034838709675
2024-12-16,CH,CHF,3241.372580645161
2024-12-16,AT,EUR,5546.451935483871
2024-12-17,DE,EUR,17981.034838709675
2024-12-17,CH,CHF,3241.372580645161
2024-12-17,AT,EUR,5546.451935483871
2024-12-18,DE,EUR,17981.034838709675
2024-12-18,CH,CHF,3241.372580645161
2024-12-18,AT,EUR,5546.451935483871
2024-12-19,DE,EUR,17981.034838709675
2024-12-19,CH,CHF,3241.372580645161
2024-12-19,AT,EUR,5546.451935483871
2024-12-20,DE,EUR,17981.034838709675
2024-12-20,CH,CHF,3241.372580645161
2024-12-20,AT,EUR,5546.451935483871
2024-12-21,DE,EUR,17981.034838709675
2024-12-21,CH,CHF,3241.372580645161
2024-12-21,AT,EUR,5546.451935483871
2024-12-22,DE,EUR,17981.034838709675
2024-12-22,CH,CHF,3241.372580645161
2024-12-22,AT,EUR,5546.451935483871
2024-12-23,DE,EUR,17981.034838709675
2024-12-23,CH,CHF,3241.372580645161
2024-12-23,AT,EUR,5546.451935483871
2024-12-24,DE,EUR,17981.034838709675
2024-12-24,CH,CHF,3241.372580645161
2024-12-24,AT,EUR,5546.451935483871
2024-12-25,DE,EUR,17981.034838709675
2024-12-25,CH,CHF,3241.372580645161
2024-12-25,AT,EUR,5546.451935483871
2024-12-26,DE,EUR,17981.034838709675
2024-12-26,CH,CHF,3241.372580645161
2024-12-26,AT,EUR,5546.451935483871
2024-12-27,DE,EUR,17981.034838709675
2024-12-27,CH,CHF,3241.372580645161
2024-12-27,AT,EUR,5546.451935483871
2024-12-28,DE,EUR,17981.034838709675
2024-12-28,CH,CHF,3241.372580645161
2024-12-28,AT,EUR,5546.451935483871
2024-12-29,DE,EUR,17981.034838709675
2024-12-29,CH,CHF,3241.372580645161
2024-12-29,AT,EUR,5546.451935483871
2024-12-30,DE,EUR,17981.034838709675
2024-12-30,CH,CHF,3241.372580645161
2024-12-30,AT,EUR,5546.451935483871
2024-12-31,DE,EUR,17981.034838709675
2024-12-31,CH,CHF,3241.372580645161
2024-12-31,AT,EUR,5546.451935483871
